url,routeClass,type,status,localStatus,liveGetStatus,liveFinalUrl,previewGetStatus,indexability,canonical,title,description,h1,language,hreflang,schema,intent,internalLinks,incomingLinks,sitemap,keyContentIssues
"/","generated public","Homepage","200 local prerender","generated HTML; deployed HTTP unverified","200","https://www.nitaqacademy.com/","not checked","index, follow","https://www.nitaqacademy.com/","SAT Preparation, Subject Tuition & Languages in Sharjah | Nitaq Academy","Explore Digital SAT preparation, language training and subject tuition at Nitaq Academy in Al Majaz 3, Sharjah. Find your programme and speak with admissions.","SAT Preparation. Subject Tuition. Language Training.","en","en:https://www.nitaqacademy.com/ ar:https://www.nitaqacademy.com/ar x-default:https://www.nitaqacademy.com/","EducationalOrganization LocalBusiness ImageObject PostalAddress City OfferCatalog Offer Course WebSite WebPage","Academy overview: SAT, subject tuition, languages in Sharjah","/ /sat-preparation-sharjah /language-trainings /academic-excellence /courses /contact /enquiry /about /articles /privacy-policy /terms-and-conditions","105","yes",""
"/about","generated public","Information / directory","200 local prerender","generated HTML; deployed HTTP unverified","200","https://www.nitaqacademy.com/about","not checked","index, follow","https://www.nitaqacademy.com/about","About Nitaq Academy in Sharjah | Courses & Campus","Learn about Nitaq Academy (Nitaq Supportive Education Services LLC) in Abu Khamseen Tower, Al Majaz 3, Sharjah. Explore our campus, mission, and programs.","Empowering Ambitions. Built for Excellence.","en","","EducationalOrganization LocalBusiness ImageObject PostalAddress City WebSite WebPage","Named course or academy information","/ /sat-preparation-sharjah /language-trainings /spoken-english /spoken-arabic /french /spanish /german /ielts-course /toefl-course /pte-course /academic-excellence /maths-tuition-sharjah /science-tuition-sharjah /physics-tuition-sharjah /chemistry-tuition-sharjah /biology-tuition-sharjah /english-tuition-sharjah /courses /professional-certifications /ai-course /cybersecurity-course-sharjah /finance-courses /corporate-trainings /soft-skills-training /sales-negotiations /test-preparations /sat/diagnostic /article/digital-sat-preparation-guide-sharjah-dubai-uae /about /contact /articles /privacy-policy /terms-and-conditions","188","yes",""
"/academic-excellence","generated public","Subject tuition","200 local prerender","generated HTML; deployed HTTP unverified","200","https://www.nitaqacademy.com/academic-excellence","not checked","index, follow","https://www.nitaqacademy.com/academic-excellence","Subject Tuition in Sharjah | School & University Support | Nitaq Academy","Explore school and university subject tuition in Mathematics, Science, Business, English and available tertiary academic disciplines at Nitaq Academy in Al Majaz 3, Sharjah.","Subject Tuition in Sharjah","en","","EducationalOrganization LocalBusiness ImageObject PostalAddress City WebSite WebPage","Subject tuition enquiry","/ /sat-preparation-sharjah /language-trainings /spoken-english /spoken-arabic /french /spanish /german /ielts-course /toefl-course /pte-course /academic-excellence /maths-tuition-sharjah /science-tuition-sharjah /physics-tuition-sharjah /chemistry-tuition-sharjah /biology-tuition-sharjah /english-tuition-sharjah /courses /professional-certifications /ai-course /cybersecurity-course-sharjah /finance-courses /corporate-trainings /soft-skills-training /sales-negotiations /test-preparations /sat/diagnostic /article/digital-sat-preparation-guide-sharjah-dubai-uae /about /contact /articles /privacy-policy /terms-and-conditions /foundation-jee-neet /social-science-tuition-sharjah /enquiry","188","yes",""
"/acca-course","generated public","Other course / campaign","200 local prerender","generated HTML; deployed HTTP unverified","200","https://www.nitaqacademy.com/acca-course","not checked","index, follow","https://www.nitaqacademy.com/acca-course","ACCA Course Sharjah | Chartered Accountant Coaching UAE | NITAQ ACADEMY","ACCA qualification coaching in Sharjah at NITAQ ACADEMY. Expert tutors for all levels — Applied Knowledge, Skills & Strategic Professional. SPEA Authorized. Online & offline.","ACCA - Association of Chartered Certified Accountants","en","","EducationalOrganization LocalBusiness ImageObject PostalAddress City WebSite WebPage","Named course or academy information","/ /sat-preparation-sharjah /language-trainings /spoken-english /spoken-arabic /french /spanish /german /ielts-course /toefl-course /pte-course /academic-excellence /maths-tuition-sharjah /science-tuition-sharjah /physics-tuition-sharjah /chemistry-tuition-sharjah /biology-tuition-sharjah /english-tuition-sharjah /courses /professional-certifications /ai-course /cybersecurity-course-sharjah /finance-courses /corporate-trainings /soft-skills-training /sales-negotiations /test-preparations /sat/diagnostic /article/digital-sat-preparation-guide-sharjah-dubai-uae /about /contact /articles /privacy-policy /terms-and-conditions","14","yes",""
"/accountancy-tuition-sharjah","generated public","Subject tuition","200 local prerender","generated HTML; deployed HTTP unverified","200","https://www.nitaqacademy.com/accountancy-tuition-sharjah","not checked","index, follow","https://www.nitaqacademy.com/accountancy-tuition-sharjah","Accountancy Tuition in Sharjah & Dubai | CBSE Class 11-12, IGCSE & A-Level | Nitaq UAE","Specialized Accountancy tuition in Sharjah, Dubai & UAE for Class 10-12. CBSE Class 11-12 Accountancy, Cambridge IGCSE Accounting (0452) & Edexcel A-Level in Al Majaz 3, Sharjah & Online UAE.","Accountancy Tuition in Sharjah","en","","EducationalOrganization LocalBusiness ImageObject PostalAddress City WebSite WebPage","Subject tuition enquiry","/ /sat-preparation-sharjah /language-trainings /spoken-english /spoken-arabic /french /spanish /german /ielts-course /toefl-course /pte-course /academic-excellence /maths-tuition-sharjah /science-tuition-sharjah /physics-tuition-sharjah /chemistry-tuition-sharjah /biology-tuition-sharjah /english-tuition-sharjah /courses /professional-certifications /ai-course /cybersecurity-course-sharjah /finance-courses /corporate-trainings /soft-skills-training /sales-negotiations /test-preparations /sat/diagnostic /article/digital-sat-preparation-guide-sharjah-dubai-uae /about /contact /articles /privacy-policy /terms-and-conditions /business-studies-tuition-sharjah /economics-tuition-sharjah /enquiry","8","yes",""
"/admin","generated utility","Private / utility","200 local prerender","generated HTML; deployed HTTP unverified","200","https://www.nitaqacademy.com/admin","not checked","noindex, follow","https://www.nitaqacademy.com/admin","Nitaq Academy | Education and Training in Sharjah","Explore education and training programmes at Nitaq Academy in Al Majaz 3, Sharjah.","","en","","","Task completion; not organic acquisition","/admin/dashboard /admin/sat/students /admin/sat/questions /admin/certificates / /sat/diagnostic /api/v1/docs","0","no",""
"/admin/certificates","generated utility","Private / utility","200 local prerender","generated HTML; deployed HTTP unverified","200","https://www.nitaqacademy.com/admin/certificates","not checked","noindex, follow","https://www.nitaqacademy.com/admin/certificates","Nitaq Academy | Education and Training in Sharjah","Explore education and training programmes at Nitaq Academy in Al Majaz 3, Sharjah.","NITAQ Certificates & Credentials","en","","","Task completion; not organic acquisition","/admin/dashboard /admin/sat/students /admin/sat/questions /admin/certificates / /sat/diagnostic /api/v1/docs","6","no",""
"/admin/dashboard","generated utility","Private / utility","200 local prerender","generated HTML; deployed HTTP unverified","200","https://www.nitaqacademy.com/admin/dashboard","not checked","noindex, follow","https://www.nitaqacademy.com/admin/dashboard","Nitaq Academy | Education and Training in Sharjah","Explore education and training programmes at Nitaq Academy in Al Majaz 3, Sharjah.","","en","","","Task completion; not organic acquisition","/admin/dashboard /admin/sat/students /admin/sat/questions /admin/certificates / /sat/diagnostic /api/v1/docs","6","no",""
"/admin/login","generated utility","Private / utility","200 local prerender","generated HTML; deployed HTTP unverified","200","https://www.nitaqacademy.com/admin/login","not checked","noindex, follow","https://www.nitaqacademy.com/admin/login","Nitaq Academy | Education and Training in Sharjah","Explore education and training programmes at Nitaq Academy in Al Majaz 3, Sharjah.","Sign In","en","","","Task completion; not organic acquisition","","0","no",""
"/admin/questions","generated utility","Private / utility","200 local prerender","generated HTML; deployed HTTP unverified","200","https://www.nitaqacademy.com/admin/questions","not checked","noindex, follow","https://www.nitaqacademy.com/admin/questions","Nitaq Academy | Education and Training in Sharjah","Explore education and training programmes at Nitaq Academy in Al Majaz 3, Sharjah.","Question Bank","en","","","Task completion; not organic acquisition","/admin/dashboard /admin/sat/students /admin/sat/questions /admin/certificates / /sat/diagnostic /api/v1/docs","0","no",""
"/admin/sat/questions","generated utility","Private / utility","200 local prerender","generated HTML; deployed HTTP unverified","200","https://www.nitaqacademy.com/admin/sat/questions","not checked","noindex, follow","https://www.nitaqacademy.com/admin/sat/questions","Nitaq Academy | Education and Training in Sharjah","Explore education and training programmes at Nitaq Academy in Al Majaz 3, Sharjah.","Question Bank","en","","","Task completion; not organic acquisition","/admin/dashboard /admin/sat/students /admin/sat/questions /admin/certificates / /sat/diagnostic /api/v1/docs","6","no",""
"/admin/sat/students","generated utility","Private / utility","200 local prerender","generated HTML; deployed HTTP unverified","200","https://www.nitaqacademy.com/admin/sat/students","not checked","noindex, follow","https://www.nitaqacademy.com/admin/sat/students","Nitaq Academy | Education and Training in Sharjah","Explore education and training programmes at Nitaq Academy in Al Majaz 3, Sharjah.","SAT Diagnostic & Parent Leads","en","","","Task completion; not organic acquisition","/admin/dashboard /admin/sat/students /admin/sat/questions /admin/certificates / /sat/diagnostic /api/v1/docs /api/v1/admin/students/export/csv","6","no",""
"/admin/sat/students/:sessionId","dynamic route pattern","Dynamic route","not prerendered","configured rewrite to /admin/sat/students","not checked","","not checked","utility; verify access control","","","","","","","","Route handling","","0","no",""
"/admin/students","generated utility","Private / utility","200 local prerender","generated HTML; deployed HTTP unverified","200","https://www.nitaqacademy.com/admin/students","not checked","noindex, follow","https://www.nitaqacademy.com/admin/students","Nitaq Academy | Education and Training in Sharjah","Explore education and training programmes at Nitaq Academy in Al Majaz 3, Sharjah.","SAT Diagnostic & Parent Leads","en","","","Task completion; not organic acquisition","/admin/dashboard /admin/sat/students /admin/sat/questions /admin/certificates / /sat/diagnostic /api/v1/docs /api/v1/admin/students/export/csv","0","no",""
"/admin/students/:sessionId","dynamic route pattern","Dynamic route","not prerendered","configured rewrite to /admin/students","not checked","","not checked","utility; verify access control","","","","","","","","Route handling","","0","no",""
"/ai-course","generated public","Other course / campaign","200 local prerender","generated HTML; deployed HTTP unverified","200","https://www.nitaqacademy.com/ai-course","not checked","index, follow","https://www.nitaqacademy.com/ai-course","AI & Technology Course Sharjah | Artificial Intelligence Training UAE | Nitaq","Master AI and technology at NITAQ ACADEMY Sharjah. Machine learning, data science, Python & professional AI certification training. Flexible online & offline batches UAE.","Basic to Advance A.I Course","en","","EducationalOrganization LocalBusiness ImageObject PostalAddress City WebSite WebPage","Named course or academy information","/ /sat-preparation-sharjah /language-trainings /spoken-english /spoken-arabic /french /spanish /german /ielts-course /toefl-course /pte-course /academic-excellence /maths-tuition-sharjah /science-tuition-sharjah /physics-tuition-sharjah /chemistry-tuition-sharjah /biology-tuition-sharjah /english-tuition-sharjah /courses /professional-certifications /ai-course /cybersecurity-course-sharjah /finance-courses /corporate-trainings /soft-skills-training /sales-negotiations /test-preparations /sat/diagnostic /article/digital-sat-preparation-guide-sharjah-dubai-uae /about /contact /articles /privacy-policy /terms-and-conditions","186","yes",""
"/ai-robotics-kids","generated public","Other course / campaign","200 local prerender","generated HTML; deployed HTTP unverified","200","https://www.nitaqacademy.com/ai-robotics-kids","not checked","index, follow","https://www.nitaqacademy.com/ai-robotics-kids","AI & Robotics for Kids Sharjah | STEM Education UAE | NITAQ ACADEMY","AI and Robotics training for kids at NITAQ ACADEMY Sharjah. Fun, hands-on STEM education in coding, robotics & artificial intelligence tools for children aged 7–15 in UAE.","A.I & Robotics for Kids","en","","EducationalOrganization LocalBusiness ImageObject PostalAddress City WebSite WebPage","Named course or academy information","/ /sat-preparation-sharjah /language-trainings /spoken-english /spoken-arabic /french /spanish /german /ielts-course /toefl-course /pte-course /academic-excellence /maths-tuition-sharjah /science-tuition-sharjah /physics-tuition-sharjah /chemistry-tuition-sharjah /biology-tuition-sharjah /english-tuition-sharjah /courses /professional-certifications /ai-course /cybersecurity-course-sharjah /finance-courses /corporate-trainings /soft-skills-training /sales-negotiations /test-preparations /sat/diagnostic /article/digital-sat-preparation-guide-sharjah-dubai-uae /about /contact /articles /privacy-policy /terms-and-conditions","2","yes",""
"/ar","generated public","Homepage","200 local prerender","generated HTML; deployed HTTP unverified","200","https://www.nitaqacademy.com/ar","not checked","index, follow","https://www.nitaqacademy.com/ar","التحضير لاختبار SAT واللغات والدروس الأكاديمية في الشارقة | أكاديمية نطاق","استكشف التحضير لاختبار SAT الرقمي وتدريب اللغات والدروس الأكاديمية في أكاديمية نطاق بالمجاز 3، الشارقة، وتواصل مع فريق القبول.","التحضير لاختبار SAT. الدروس الأكاديمية. تدريب اللغات.","ar","en:https://www.nitaqacademy.com/ ar:https://www.nitaqacademy.com/ar x-default:https://www.nitaqacademy.com/","EducationalOrganization LocalBusiness ImageObject PostalAddress City OfferCatalog Offer Course WebSite WebPage","Academy overview: SAT, subject tuition, languages in Sharjah","/ar /sat-preparation-sharjah /language-trainings /academic-excellence /courses /contact /enquiry /about /articles /privacy-policy /terms-and-conditions","93","yes",""
"/ar/about","generated public","Information / directory","200 local prerender","generated HTML; deployed HTTP unverified","200","https://www.nitaqacademy.com/ar/about","not checked","noindex, follow","https://www.nitaqacademy.com/ar/about","About Nitaq Academy in Sharjah | Courses & Campus","Learn about Nitaq Academy (Nitaq Supportive Education Services LLC) in Abu Khamseen Tower, Al Majaz 3, Sharjah. Explore our campus, mission, and programs.","Empowering Ambitions. Built for Excellence.","ar","","","Named course or academy information","/ar /sat-preparation-sharjah /language-trainings /spoken-english /spoken-arabic /french /spanish /german /ielts-course /toefl-course /pte-course /academic-excellence /maths-tuition-sharjah /science-tuition-sharjah /physics-tuition-sharjah /chemistry-tuition-sharjah /biology-tuition-sharjah /english-tuition-sharjah /courses /professional-certifications /ai-course /cybersecurity-course-sharjah /finance-courses /corporate-trainings /soft-skills-training /sales-negotiations /test-preparations /sat/diagnostic /article/digital-sat-preparation-guide-sharjah-dubai-uae /about /contact /articles /privacy-policy /terms-and-conditions","0","no","English body under Arabic URL; translation pending"
"/ar/academic-excellence","generated public","Other course / campaign","200 local prerender","generated HTML; deployed HTTP unverified","200","https://www.nitaqacademy.com/ar/academic-excellence","not checked","noindex, follow","https://www.nitaqacademy.com/ar/academic-excellence","Subject Tuition in Sharjah | School & University Support | Nitaq Academy","Explore school and university subject tuition in Mathematics, Science, Business, English and available tertiary academic disciplines at Nitaq Academy in Al Majaz 3, Sharjah.","Subject Tuition in Sharjah","ar","","","Named course or academy information","/ar /sat-preparation-sharjah /language-trainings /spoken-english /spoken-arabic /french /spanish /german /ielts-course /toefl-course /pte-course /academic-excellence /maths-tuition-sharjah /science-tuition-sharjah /physics-tuition-sharjah /chemistry-tuition-sharjah /biology-tuition-sharjah /english-tuition-sharjah /courses /professional-certifications /ai-course /cybersecurity-course-sharjah /finance-courses /corporate-trainings /soft-skills-training /sales-negotiations /test-preparations /sat/diagnostic /article/digital-sat-preparation-guide-sharjah-dubai-uae /about /contact /articles /privacy-policy /terms-and-conditions /foundation-jee-neet /social-science-tuition-sharjah /enquiry","0","no","English body under Arabic URL; translation pending"
"/ar/acca-course","generated public","Other course / campaign","200 local prerender","generated HTML; deployed HTTP unverified","200","https://www.nitaqacademy.com/ar/acca-course","not checked","noindex, follow","https://www.nitaqacademy.com/ar/acca-course","ACCA Course Sharjah | Chartered Accountant Coaching UAE | NITAQ ACADEMY","ACCA qualification coaching in Sharjah at NITAQ ACADEMY. Expert tutors for all levels — Applied Knowledge, Skills & Strategic Professional. SPEA Authorized. Online & offline.","ACCA - Association of Chartered Certified Accountants","ar","","","Named course or academy information","/ar /sat-preparation-sharjah /language-trainings /spoken-english /spoken-arabic /french /spanish /german /ielts-course /toefl-course /pte-course /academic-excellence /maths-tuition-sharjah /science-tuition-sharjah /physics-tuition-sharjah /chemistry-tuition-sharjah /biology-tuition-sharjah /english-tuition-sharjah /courses /professional-certifications /ai-course /cybersecurity-course-sharjah /finance-courses /corporate-trainings /soft-skills-training /sales-negotiations /test-preparations /sat/diagnostic /article/digital-sat-preparation-guide-sharjah-dubai-uae /about /contact /articles /privacy-policy /terms-and-conditions","0","no","English body under Arabic URL; translation pending"
"/ar/accountancy-tuition-sharjah","generated public","Subject tuition","200 local prerender","generated HTML; deployed HTTP unverified","200","https://www.nitaqacademy.com/ar/accountancy-tuition-sharjah","not checked","noindex, follow","https://www.nitaqacademy.com/ar/accountancy-tuition-sharjah","Accountancy Tuition in Sharjah & Dubai | CBSE Class 11-12, IGCSE & A-Level | Nitaq UAE","Specialized Accountancy tuition in Sharjah, Dubai & UAE for Class 10-12. CBSE Class 11-12 Accountancy, Cambridge IGCSE Accounting (0452) & Edexcel A-Level in Al Majaz 3, Sharjah & Online UAE.","Accountancy Tuition in Sharjah","ar","","","Subject tuition enquiry","/ar /sat-preparation-sharjah /language-trainings /spoken-english /spoken-arabic /french /spanish /german /ielts-course /toefl-course /pte-course /academic-excellence /maths-tuition-sharjah /science-tuition-sharjah /physics-tuition-sharjah /chemistry-tuition-sharjah /biology-tuition-sharjah /english-tuition-sharjah /courses /professional-certifications /ai-course /cybersecurity-course-sharjah /finance-courses /corporate-trainings /soft-skills-training /sales-negotiations /test-preparations /sat/diagnostic /article/digital-sat-preparation-guide-sharjah-dubai-uae /about /contact /articles /privacy-policy /terms-and-conditions /business-studies-tuition-sharjah /economics-tuition-sharjah /enquiry","0","no","English body under Arabic URL; translation pending"
"/ar/admin","nonexistent sample","Nonexistent path","not prerendered","no generated HTML; expect HTTP 404","200","","not checked","should not index","","","","","","","","Route handling","","0","no","production false-200; preview 404 required"
"/ar/admin/login","nonexistent sample","Nonexistent path","not prerendered","no generated HTML; expect HTTP 404","200","","not checked","should not index","","","","","","","","Route handling","","0","no","production false-200; preview 404 required"
"/ar/ai-course","generated public","Other course / campaign","200 local prerender","generated HTML; deployed HTTP unverified","200","https://www.nitaqacademy.com/ar/ai-course","not checked","noindex, follow","https://www.nitaqacademy.com/ar/ai-course","دورة الذكاء الاصطناعي في الشارقة | من الأساسيات إلى الاحتراف | أكاديمية نطاق","أتقن أدوات الذكاء الاصطناعي عملياً في الشارقة: من الأساسيات إلى التطبيقات المتقدمة للعمل والدراسة، مع شهادة معتمدة.","Basic to Advance A.I Course","ar","","","Named course or academy information","/ar /sat-preparation-sharjah /language-trainings /spoken-english /spoken-arabic /french /spanish /german /ielts-course /toefl-course /pte-course /academic-excellence /maths-tuition-sharjah /science-tuition-sharjah /physics-tuition-sharjah /chemistry-tuition-sharjah /biology-tuition-sharjah /english-tuition-sharjah /courses /professional-certifications /ai-course /cybersecurity-course-sharjah /finance-courses /corporate-trainings /soft-skills-training /sales-negotiations /test-preparations /sat/diagnostic /article/digital-sat-preparation-guide-sharjah-dubai-uae /about /contact /articles /privacy-policy /terms-and-conditions","0","no","English body under Arabic URL; translation pending"
"/ar/ai-robotics-kids","generated public","Other course / campaign","200 local prerender","generated HTML; deployed HTTP unverified","200","https://www.nitaqacademy.com/ar/ai-robotics-kids","not checked","noindex, follow","https://www.nitaqacademy.com/ar/ai-robotics-kids","AI & Robotics for Kids Sharjah | STEM Education UAE | NITAQ ACADEMY","AI and Robotics training for kids at NITAQ ACADEMY Sharjah. Fun, hands-on STEM education in coding, robotics & artificial intelligence tools for children aged 7–15 in UAE.","A.I & Robotics for Kids","ar","","","Named course or academy information","/ar /sat-preparation-sharjah /language-trainings /spoken-english /spoken-arabic /french /spanish /german /ielts-course /toefl-course /pte-course /academic-excellence /maths-tuition-sharjah /science-tuition-sharjah /physics-tuition-sharjah /chemistry-tuition-sharjah /biology-tuition-sharjah /english-tuition-sharjah /courses /professional-certifications /ai-course /cybersecurity-course-sharjah /finance-courses /corporate-trainings /soft-skills-training /sales-negotiations /test-preparations /sat/diagnostic /article/digital-sat-preparation-guide-sharjah-dubai-uae /about /contact /articles /privacy-policy /terms-and-conditions","0","no","English body under Arabic URL; translation pending"
"/ar/article/academic-excellence-tuition-dubai-sharjah-uae","generated public","Subject tuition","200 local prerender","generated HTML; deployed HTTP unverified","200","https://www.nitaqacademy.com/ar/article/academic-excellence-tuition-dubai-sharjah-uae","not checked","noindex, follow","https://www.nitaqacademy.com/ar/article/academic-excellence-tuition-dubai-sharjah-uae","Academic Tutors & School Tuition in UAE: Dubai & Sharjah Guide","Ultimate guide to academic tuition in UAE. Find top Arabic Tutors Dubai, English Tuition Sharjah, Maths Tuition UAE, Science Tutors Dubai, Physics Chemistry Biology Tuition Sharjah & online classes.","Top Academic Tutors & School Tuition in Dubai & Sharjah, UAE: The Complete Guide to Maths, Science, English & Arabic Excellence","ar","","","Subject tuition enquiry","/ar /sat-preparation-sharjah /language-trainings /spoken-english /spoken-arabic /french /spanish /german /ielts-course /toefl-course /pte-course /academic-excellence /maths-tuition-sharjah /science-tuition-sharjah /physics-tuition-sharjah /chemistry-tuition-sharjah /biology-tuition-sharjah /english-tuition-sharjah /courses /professional-certifications /ai-course /cybersecurity-course-sharjah /finance-courses /corporate-trainings /soft-skills-training /sales-negotiations /test-preparations /sat/diagnostic /article/digital-sat-preparation-guide-sharjah-dubai-uae /about /contact /articles /privacy-policy /terms-and-conditions / /foundation-jee-neet","0","no","English body under Arabic URL; translation pending"
"/ar/article/acca-coaching-uae-benefits","generated public","Other course / campaign","200 local prerender","generated HTML; deployed HTTP unverified","200","https://www.nitaqacademy.com/ar/article/acca-coaching-uae-benefits","not checked","noindex, follow","https://www.nitaqacademy.com/ar/article/acca-coaching-uae-benefits","ACCA Coaching in UAE: Career Opportunities & Benefits | NITAQ ACADEMY","Unlock your potential in finance with ACCA coaching in UAE. Learn about exam benefits, career paths in Dubai/Sharjah, and how to become a certified accountant.","ACCA Coaching in UAE: Career Opportunities and Benefits","ar","","","Named course or academy information","/ar /sat-preparation-sharjah /language-trainings /spoken-english /spoken-arabic /french /spanish /german /ielts-course /toefl-course /pte-course /academic-excellence /maths-tuition-sharjah /science-tuition-sharjah /physics-tuition-sharjah /chemistry-tuition-sharjah /biology-tuition-sharjah /english-tuition-sharjah /courses /professional-certifications /ai-course /cybersecurity-course-sharjah /finance-courses /corporate-trainings /soft-skills-training /sales-negotiations /test-preparations /sat/diagnostic /article/digital-sat-preparation-guide-sharjah-dubai-uae /about /contact /articles /privacy-policy /terms-and-conditions /acca-course","0","no","English body under Arabic URL; translation pending"
"/ar/article/ai-courses-sharjah-essential","generated public","Information / directory","200 local prerender","generated HTML; deployed HTTP unverified","200","https://www.nitaqacademy.com/ar/article/ai-courses-sharjah-essential","not checked","noindex, follow","https://www.nitaqacademy.com/ar/article/ai-courses-sharjah-essential","AI Courses in Sharjah: Why Learning AI Is Essential in 2026 | NITAQ ACADEMY","Discover why AI literacy is the most critical skill for 2026. Learn about the best AI courses in Sharjah and how Artificial Intelligence is transforming the UAE job market.","AI Courses in Sharjah: Why Learning AI Is Essential in 2026","ar","","","Named course or academy information","/ar /sat-preparation-sharjah /language-trainings /spoken-english /spoken-arabic /french /spanish /german /ielts-course /toefl-course /pte-course /academic-excellence /maths-tuition-sharjah /science-tuition-sharjah /physics-tuition-sharjah /chemistry-tuition-sharjah /biology-tuition-sharjah /english-tuition-sharjah /courses /professional-certifications /ai-course /cybersecurity-course-sharjah /finance-courses /corporate-trainings /soft-skills-training /sales-negotiations /test-preparations /sat/diagnostic /article/digital-sat-preparation-guide-sharjah-dubai-uae /about /contact /articles /privacy-policy /terms-and-conditions /professional-marketing-course /hrm-courses","0","no","English body under Arabic URL; translation pending"
"/ar/article/ai-skills-every-student-needs","generated public","Other course / campaign","200 local prerender","generated HTML; deployed HTTP unverified","200","https://www.nitaqacademy.com/ar/article/ai-skills-every-student-needs","not checked","noindex, follow","https://www.nitaqacademy.com/ar/article/ai-skills-every-student-needs","AI Skills Every Student Needs in 2026 | Nitaq Academy","Explore the essential AI skills every student in Dubai and Sharjah needs to succeed in academics and future careers. Learn prompt engineering, ethical AI, and more.","AI Skills Every Student Needs: Preparing for the Future of Work and Education","ar","","","Named course or academy information","/ar /sat-preparation-sharjah /language-trainings /spoken-english /spoken-arabic /french /spanish /german /ielts-course /toefl-course /pte-course /academic-excellence /maths-tuition-sharjah /science-tuition-sharjah /physics-tuition-sharjah /chemistry-tuition-sharjah /biology-tuition-sharjah /english-tuition-sharjah /courses /professional-certifications /ai-course /cybersecurity-course-sharjah /finance-courses /corporate-trainings /soft-skills-training /sales-negotiations /test-preparations /sat/diagnostic /article/digital-sat-preparation-guide-sharjah-dubai-uae /about /contact /articles /privacy-policy /terms-and-conditions /article/best-ai-courses-dubai /article/top-skills-uae-2026 /article/digital-marketing-salary-increase-uae","0","no","English body under Arabic URL; translation pending"
"/ar/article/best-ai-courses-dubai","generated public","Information / directory","200 local prerender","generated HTML; deployed HTTP unverified","200","https://www.nitaqacademy.com/ar/article/best-ai-courses-dubai","not checked","noindex, follow","https://www.nitaqacademy.com/ar/article/best-ai-courses-dubai","Best AI Course Dubai: Master Artificial Intelligence in 2026 | NITAQ ACADEMY","Discover the best AI course Dubai offers at NITAQ ACADEMY. Master prompt engineering, Generative AI, and automation in our expert-led tech programs.","Best AI Courses in Dubai: Mastering the Future of Innovation","ar","","","Named course or academy information","/ar /sat-preparation-sharjah /language-trainings /spoken-english /spoken-arabic /french /spanish /german /ielts-course /toefl-course /pte-course /academic-excellence /maths-tuition-sharjah /science-tuition-sharjah /physics-tuition-sharjah /chemistry-tuition-sharjah /biology-tuition-sharjah /english-tuition-sharjah /courses /professional-certifications /ai-course /cybersecurity-course-sharjah /finance-courses /corporate-trainings /soft-skills-training /sales-negotiations /test-preparations /sat/diagnostic /article/digital-sat-preparation-guide-sharjah-dubai-uae /about /contact /articles /privacy-policy /terms-and-conditions","0","no","English body under Arabic URL; translation pending"
"/ar/article/best-digital-marketing-course-uae","generated public","Other course / campaign","200 local prerender","generated HTML; deployed HTTP unverified","200","https://www.nitaqacademy.com/ar/article/best-digital-marketing-course-uae","not checked","noindex, follow","https://www.nitaqacademy.com/ar/article/best-digital-marketing-course-uae","Best Digital Marketing Course in UAE: How to Choose the Right Training Institute","Looking for the best digital marketing course in Sharjah, Dubai, or the UAE? Learn how to choose the right institute covering SEO, Google Ads, and more.","Best Digital Marketing Course in UAE: How to Choose the Right Training Institute","ar","","","Named course or academy information","/ar /sat-preparation-sharjah /language-trainings /spoken-english /spoken-arabic /french /spanish /german /ielts-course /toefl-course /pte-course /academic-excellence /maths-tuition-sharjah /science-tuition-sharjah /physics-tuition-sharjah /chemistry-tuition-sharjah /biology-tuition-sharjah /english-tuition-sharjah /courses /professional-certifications /ai-course /cybersecurity-course-sharjah /finance-courses /corporate-trainings /soft-skills-training /sales-negotiations /test-preparations /sat/diagnostic /article/digital-sat-preparation-guide-sharjah-dubai-uae /about /contact /articles /privacy-policy /terms-and-conditions /courses/professional-digital-marketing-course-sharjah-uae","0","no","English body under Arabic URL; translation pending"
"/ar/article/best-professional-certifications-uae","generated public","Other course / campaign","200 local prerender","generated HTML; deployed HTTP unverified","200","https://www.nitaqacademy.com/ar/article/best-professional-certifications-uae","not checked","noindex, follow","https://www.nitaqacademy.com/ar/article/best-professional-certifications-uae","Best Professional Certifications UAE for Career Growth | NITAQ ACADEMY","Discover the best professional certifications UAE and Sharjah offers. Accelerate your career with ACCA, HR, AI, and Tax certifications at NITAQ ACADEMY.","Best Professional Certifications UAE: Accelerating Your Career Growth in 2026","ar","","","Named course or academy information","/ar /sat-preparation-sharjah /language-trainings /spoken-english /spoken-arabic /french /spanish /german /ielts-course /toefl-course /pte-course /academic-excellence /maths-tuition-sharjah /science-tuition-sharjah /physics-tuition-sharjah /chemistry-tuition-sharjah /biology-tuition-sharjah /english-tuition-sharjah /courses /professional-certifications /ai-course /cybersecurity-course-sharjah /finance-courses /corporate-trainings /soft-skills-training /sales-negotiations /test-preparations /sat/diagnostic /article/digital-sat-preparation-guide-sharjah-dubai-uae /about /contact /articles /privacy-policy /terms-and-conditions /acca-course /chrm /uae-corporate-tax /cma-course /cpa-course /hrm-courses /professional-marketing-course /cpcd-courses /data-management","0","no","English body under Arabic URL; translation pending"
"/ar/article/best-training-institute-sharjah","generated public","Other course / campaign","200 local prerender","generated HTML; deployed HTTP unverified","200","https://www.nitaqacademy.com/ar/article/best-training-institute-sharjah","not checked","noindex, follow","https://www.nitaqacademy.com/ar/article/best-training-institute-sharjah","Best Training Institute in Sharjah for Career & Academic Success | NITAQ ACADEMY","Explore considerations when choosing a training institute in Sharjah and learn about SAT, IELTS and professional courses at Nitaq Academy.","Best Training Institute in Sharjah for Career and Academic Success","ar","","","Named course or academy information","/ar /sat-preparation-sharjah /language-trainings /spoken-english /spoken-arabic /french /spanish /german /ielts-course /toefl-course /pte-course /academic-excellence /maths-tuition-sharjah /science-tuition-sharjah /physics-tuition-sharjah /chemistry-tuition-sharjah /biology-tuition-sharjah /english-tuition-sharjah /courses /professional-certifications /ai-course /cybersecurity-course-sharjah /finance-courses /corporate-trainings /soft-skills-training /sales-negotiations /test-preparations /sat/diagnostic /article/digital-sat-preparation-guide-sharjah-dubai-uae /about /contact /articles /privacy-policy /terms-and-conditions /acca-course","0","no","English body under Arabic URL; translation pending"
"/ar/article/best-tuition-classes-near-me-sharjah","generated public","Subject tuition","200 local prerender","generated HTML; deployed HTTP unverified","200","https://www.nitaqacademy.com/ar/article/best-tuition-classes-near-me-sharjah","not checked","noindex, follow","https://www.nitaqacademy.com/ar/article/best-tuition-classes-near-me-sharjah","Best Tuition Classes Near Me in Sharjah (2026): Top Coaching Centers in Al Majaz, Al Nahda, Muwaileh | Nitaq Academy","Looking for the best tuition classes near me in Sharjah? Complete guide to top school tuition in Al Majaz, Al Nahda, Muwaileh, Al Qasimia, Al Taawun & Al Khan. Expert tutors for CBSE, IGCSE, IB & American curricula.","Best Tuition Classes Near Me in Sharjah (2026): The Complete Neighborhood Guide to Top Coaching Centers","ar","","","Subject tuition enquiry","/ar /sat-preparation-sharjah /language-trainings /spoken-english /spoken-arabic /french /spanish /german /ielts-course /toefl-course /pte-course /academic-excellence /maths-tuition-sharjah /science-tuition-sharjah /physics-tuition-sharjah /chemistry-tuition-sharjah /biology-tuition-sharjah /english-tuition-sharjah /courses /professional-certifications /ai-course /cybersecurity-course-sharjah /finance-courses /corporate-trainings /soft-skills-training /sales-negotiations /test-preparations /sat/diagnostic /article/digital-sat-preparation-guide-sharjah-dubai-uae /about /contact /articles /privacy-policy /terms-and-conditions /accountancy-tuition-sharjah /enrolment.html /economics-tuition-sharjah","0","no","English body under Arabic URL; translation pending"
"/ar/article/best-tuition-classes-sharjah-dubai-guide","generated public","Subject tuition","200 local prerender","generated HTML; deployed HTTP unverified","200","https://www.nitaqacademy.com/ar/article/best-tuition-classes-sharjah-dubai-guide","not checked","noindex, follow","https://www.nitaqacademy.com/ar/article/best-tuition-classes-sharjah-dubai-guide","Best Tuition Classes in Sharjah & Dubai: IGCSE, CBSE & IB Guide","Discover how to choose the best tuition classes in Sharjah & Dubai for IGCSE, CBSE, and IB boards. Expert Maths, Science, English & Arabic tutoring at Nitaq Academy.","How to Choose the Best Tuition Classes in Sharjah & Dubai: A Parent's Guide to IGCSE, CBSE & IB Success","ar","","","Subject tuition enquiry","/ar /sat-preparation-sharjah /language-trainings /spoken-english /spoken-arabic /french /spanish /german /ielts-course /toefl-course /pte-course /academic-excellence /maths-tuition-sharjah /science-tuition-sharjah /physics-tuition-sharjah /chemistry-tuition-sharjah /biology-tuition-sharjah /english-tuition-sharjah /courses /professional-certifications /ai-course /cybersecurity-course-sharjah /finance-courses /corporate-trainings /soft-skills-training /sales-negotiations /test-preparations /sat/diagnostic /article/digital-sat-preparation-guide-sharjah-dubai-uae /about /contact /articles /privacy-policy /terms-and-conditions / /foundation-jee-neet","0","no","English body under Arabic URL; translation pending"
"/ar/article/choose-right-course-uae","generated public","Other course / campaign","200 local prerender","generated HTML; deployed HTTP unverified","200","https://www.nitaqacademy.com/ar/article/choose-right-course-uae","not checked","noindex, follow","https://www.nitaqacademy.com/ar/article/choose-right-course-uae","How to Choose the Right Course in UAE for Your Career Goals | NITAQ ACADEMY","Unsure which professional course to take? Use our expert guide to align your skills with the UAE job market and choose the right certification for career success.","How to Choose the Right Course in UAE for Your Career Goals","ar","","","Named course or academy information","/ar /sat-preparation-sharjah /language-trainings /spoken-english /spoken-arabic /french /spanish /german /ielts-course /toefl-course /pte-course /academic-excellence /maths-tuition-sharjah /science-tuition-sharjah /physics-tuition-sharjah /chemistry-tuition-sharjah /biology-tuition-sharjah /english-tuition-sharjah /courses /professional-certifications /ai-course /cybersecurity-course-sharjah /finance-courses /corporate-trainings /soft-skills-training /sales-negotiations /test-preparations /sat/diagnostic /article/digital-sat-preparation-guide-sharjah-dubai-uae /about /contact /articles /privacy-policy /terms-and-conditions /uae-corporate-tax /data-management","0","no","English body under Arabic URL; translation pending"
"/ar/article/common-sat-mistakes","generated public","Other course / campaign","200 local prerender","generated HTML; deployed HTTP unverified","200","https://www.nitaqacademy.com/ar/article/common-sat-mistakes","not checked","noindex, follow","https://www.nitaqacademy.com/ar/article/common-sat-mistakes","Common SAT Mistakes Students in UAE Make & How to Avoid Them | NITAQ ACADEMY","Identify and avoid the most common SAT mistakes made by students in Sharjah and Dubai. Expert tips to improve your digital SAT performance.","Common SAT Mistakes Students in UAE Make and How to Avoid Them","ar","","","Named course or academy information","/ar /sat-preparation-sharjah /language-trainings /spoken-english /spoken-arabic /french /spanish /german /ielts-course /toefl-course /pte-course /academic-excellence /maths-tuition-sharjah /science-tuition-sharjah /physics-tuition-sharjah /chemistry-tuition-sharjah /biology-tuition-sharjah /english-tuition-sharjah /courses /professional-certifications /ai-course /cybersecurity-course-sharjah /finance-courses /corporate-trainings /soft-skills-training /sales-negotiations /test-preparations /sat/diagnostic /article/digital-sat-preparation-guide-sharjah-dubai-uae /about /contact /articles /privacy-policy /terms-and-conditions","0","no","English body under Arabic URL; translation pending"
"/ar/article/complete-guide-best-tuition-classes-dubai-sharjah-uae","generated public","Subject tuition","200 local prerender","generated HTML; deployed HTTP unverified","200","https://www.nitaqacademy.com/ar/article/complete-guide-best-tuition-classes-dubai-sharjah-uae","not checked","noindex, follow","https://www.nitaqacademy.com/ar/article/complete-guide-best-tuition-classes-dubai-sharjah-uae","Best Tuition Classes in Dubai & Sharjah: Ultimate UAE Guide | NITAQ","Find the best tuition classes in Dubai, Sharjah & UAE. Complete 2026 guide for IGCSE, A Levels, IB, CBSE, Maths, Science & Arabic tutors. Book a trial today.","The Complete Guide to Finding the Best Tuition Classes in Dubai, Sharjah & UAE","ar","","Article Organization","Subject tuition enquiry","/ar /sat-preparation-sharjah /language-trainings /spoken-english /spoken-arabic /french /spanish /german /ielts-course /toefl-course /pte-course /academic-excellence /maths-tuition-sharjah /science-tuition-sharjah /physics-tuition-sharjah /chemistry-tuition-sharjah /biology-tuition-sharjah /english-tuition-sharjah /courses /professional-certifications /ai-course /cybersecurity-course-sharjah /finance-courses /corporate-trainings /soft-skills-training /sales-negotiations /test-preparations /sat/diagnostic /article/digital-sat-preparation-guide-sharjah-dubai-uae /about /contact /articles /privacy-policy /terms-and-conditions /","0","no","English body under Arabic URL; translation pending"
"/ar/article/comprehensive-subject-tuition-guide-sharjah-dubai-uae","generated public","Subject tuition","200 local prerender","generated HTML; deployed HTTP unverified","200","https://www.nitaqacademy.com/ar/article/comprehensive-subject-tuition-guide-sharjah-dubai-uae","not checked","noindex, follow","https://www.nitaqacademy.com/ar/article/comprehensive-subject-tuition-guide-sharjah-dubai-uae","UAE Subject Tuition Master Guide: Maths, Physics, Chemistry, Biology, Business, Accounts & Economics","Comprehensive guide to school subject tuition in Sharjah & Dubai. Explore expert coaching for Maths, Physics, Chemistry, Biology, Business Studies, Accountancy, and Economics across IGCSE, CBSE, A-Level & IB.","The Complete UAE Subject Tuition Guide: Mastering Mathematics, Sciences, Commerce & Humanities in Sharjah & Dubai","ar","","","Subject tuition enquiry","/ar /sat-preparation-sharjah /language-trainings /spoken-english /spoken-arabic /french /spanish /german /ielts-course /toefl-course /pte-course /academic-excellence /maths-tuition-sharjah /science-tuition-sharjah /physics-tuition-sharjah /chemistry-tuition-sharjah /biology-tuition-sharjah /english-tuition-sharjah /courses /professional-certifications /ai-course /cybersecurity-course-sharjah /finance-courses /corporate-trainings /soft-skills-training /sales-negotiations /test-preparations /sat/diagnostic /article/digital-sat-preparation-guide-sharjah-dubai-uae /about /contact /articles /privacy-policy /terms-and-conditions /business-studies-tuition-sharjah /accountancy-tuition-sharjah /economics-tuition-sharjah /social-science-tuition-sharjah /enquiry","0","no","English body under Arabic URL; translation pending"
"/ar/article/digital-marketing-salary-increase-uae","generated public","Other course / campaign","200 local prerender","generated HTML; deployed HTTP unverified","200","https://www.nitaqacademy.com/ar/article/digital-marketing-salary-increase-uae","not checked","noindex, follow","https://www.nitaqacademy.com/ar/article/digital-marketing-salary-increase-uae","How Digital Marketing Can Increase Your Salary | Nitaq Academy","Discover how a Digital Marketing course in Dubai, Sharjah, and the UAE can boost your salary and career growth. Learn high-demand skills today.","How Digital Marketing Can Increase Your Salary: A Guide for Professionals in UAE","ar","","","Named course or academy information","/ar /sat-preparation-sharjah /language-trainings /spoken-english /spoken-arabic /french /spanish /german /ielts-course /toefl-course /pte-course /academic-excellence /maths-tuition-sharjah /science-tuition-sharjah /physics-tuition-sharjah /chemistry-tuition-sharjah /biology-tuition-sharjah /english-tuition-sharjah /courses /professional-certifications /ai-course /cybersecurity-course-sharjah /finance-courses /corporate-trainings /soft-skills-training /sales-negotiations /test-preparations /sat/diagnostic /article/digital-sat-preparation-guide-sharjah-dubai-uae /about /contact /articles /privacy-policy /terms-and-conditions /professional-marketing-course","0","no","English body under Arabic URL; translation pending"
"/ar/article/digital-marketing-seo-guide-uae","generated public","Other course / campaign","200 local prerender","generated HTML; deployed HTTP unverified","200","https://www.nitaqacademy.com/ar/article/digital-marketing-seo-guide-uae","not checked","noindex, follow","https://www.nitaqacademy.com/ar/article/digital-marketing-seo-guide-uae","Master Digital Marketing in Dubai & Sharjah | SEO & Ads Guide","The ultimate guide to mastering digital marketing in Dubai and Sharjah. Learn SEO, Google Ads, and Meta Ads to boost your career in the UAE.","The Ultimate Guide to Mastering Digital Marketing in Dubai & Sharjah","ar","","","Named course or academy information","/ar /sat-preparation-sharjah /language-trainings /spoken-english /spoken-arabic /french /spanish /german /ielts-course /toefl-course /pte-course /academic-excellence /maths-tuition-sharjah /science-tuition-sharjah /physics-tuition-sharjah /chemistry-tuition-sharjah /biology-tuition-sharjah /english-tuition-sharjah /courses /professional-certifications /ai-course /cybersecurity-course-sharjah /finance-courses /corporate-trainings /soft-skills-training /sales-negotiations /test-preparations /sat/diagnostic /article/digital-sat-preparation-guide-sharjah-dubai-uae /about /contact /articles /privacy-policy /terms-and-conditions /courses/professional-digital-marketing-course-sharjah-uae","0","no","English body under Arabic URL; translation pending"
"/ar/article/digital-sat-preparation-guide-sharjah-dubai-uae","generated public","SAT programme","200 local prerender","generated HTML; deployed HTTP unverified","200","https://www.nitaqacademy.com/ar/article/digital-sat-preparation-guide-sharjah-dubai-uae","not checked","noindex, follow","https://www.nitaqacademy.com/ar/article/digital-sat-preparation-guide-sharjah-dubai-uae","Digital SAT Preparation Guide: Score 1500+ in Sharjah & Dubai (2026) | Nitaq Academy","Complete guide to Digital SAT preparation in Sharjah, Dubai & UAE. Master Math with Desmos, Reading & Writing adaptive modules, official study plans, and score 1500+.","Digital SAT Preparation in Sharjah & Dubai: The Ultimate Roadmap to Scoring 1500+ in 2026","ar","","","Digital SAT preparation enquiry","/ar /sat-preparation-sharjah /language-trainings /spoken-english /spoken-arabic /french /spanish /german /ielts-course /toefl-course /pte-course /academic-excellence /maths-tuition-sharjah /science-tuition-sharjah /physics-tuition-sharjah /chemistry-tuition-sharjah /biology-tuition-sharjah /english-tuition-sharjah /courses /professional-certifications /ai-course /cybersecurity-course-sharjah /finance-courses /corporate-trainings /soft-skills-training /sales-negotiations /test-preparations /sat/diagnostic /article/digital-sat-preparation-guide-sharjah-dubai-uae /about /contact /articles /privacy-policy /terms-and-conditions /enrolment.html /article/sat-score-1300-guide /article/common-sat-mistakes /article/sat-vs-ielts-guide /sat-preparation-dubai","0","no","English body under Arabic URL; translation pending"
"/ar/article/free-digital-sat-diagnostic-assessment-guide","generated public","Other course / campaign","200 local prerender","generated HTML; deployed HTTP unverified","200","https://www.nitaqacademy.com/ar/article/free-digital-sat-diagnostic-assessment-guide","not checked","noindex, follow","https://www.nitaqacademy.com/ar/article/free-digital-sat-diagnostic-assessment-guide","Free Digital SAT Diagnostic Assessment & Self-Evaluation Guide (2026) | Nitaq Academy","Take Nitaq Academy's free Digital SAT diagnostic test with 24 adaptive questions, instant domain performance analytics, score prediction, and step-by-step answer explanations.","Free Digital SAT Diagnostic Assessment & Self-Evaluation Guide (2026): Master the Adaptive Test & Predict Your Score","ar","","","Named course or academy information","/ar /sat-preparation-sharjah /language-trainings /spoken-english /spoken-arabic /french /spanish /german /ielts-course /toefl-course /pte-course /academic-excellence /maths-tuition-sharjah /science-tuition-sharjah /physics-tuition-sharjah /chemistry-tuition-sharjah /biology-tuition-sharjah /english-tuition-sharjah /courses /professional-certifications /ai-course /cybersecurity-course-sharjah /finance-courses /corporate-trainings /soft-skills-training /sales-negotiations /test-preparations /sat/diagnostic /article/digital-sat-preparation-guide-sharjah-dubai-uae /about /contact /articles /privacy-policy /terms-and-conditions","0","no","English body under Arabic URL; translation pending"
"/ar/article/how-to-choose-best-digital-marketing-institute-sharjah-dubai-uae","generated public","Other course / campaign","200 local prerender","generated HTML; deployed HTTP unverified","200","https://www.nitaqacademy.com/ar/article/how-to-choose-best-digital-marketing-institute-sharjah-dubai-uae","not checked","noindex, follow","https://www.nitaqacademy.com/ar/article/how-to-choose-best-digital-marketing-institute-sharjah-dubai-uae","Best Digital Marketing Institute in Sharjah, Dubai & UAE","Learn how to choose the best digital marketing institute in Sharjah, Dubai and the UAE. Compare SEO, Google Ads, Meta Ads, social media and AI marketing training.","How to Choose the Best Digital Marketing Institute in Sharjah, Dubai and the UAE","ar","","","Named course or academy information","/ar /sat-preparation-sharjah /language-trainings /spoken-english /spoken-arabic /french /spanish /german /ielts-course /toefl-course /pte-course /academic-excellence /maths-tuition-sharjah /science-tuition-sharjah /physics-tuition-sharjah /chemistry-tuition-sharjah /biology-tuition-sharjah /english-tuition-sharjah /courses /professional-certifications /ai-course /cybersecurity-course-sharjah /finance-courses /corporate-trainings /soft-skills-training /sales-negotiations /test-preparations /sat/diagnostic /article/digital-sat-preparation-guide-sharjah-dubai-uae /about /contact /articles /privacy-policy /terms-and-conditions /courses/professional-digital-marketing-course-sharjah-uae /article/digital-marketing-seo-guide-uae /article/best-digital-marketing-course-uae /article/digital-marketing-salary-increase-uae","0","no","English body under Arabic URL; translation pending"
"/ar/article/ielts-dubai-guide","generated public","Language / exam course","200 local prerender","generated HTML; deployed HTTP unverified","200","https://www.nitaqacademy.com/ar/article/ielts-dubai-guide","not checked","noindex, follow","https://www.nitaqacademy.com/ar/article/ielts-dubai-guide","IELTS Coaching in Dubai: A Complete Preparation Guide | NITAQ ACADEMY","Your definitive guide to IELTS coaching in Dubai and Sharjah. Learn about the test format, key preparation strategies, and how to achieve a high band score.","IELTS Coaching in Dubai: A Complete Preparation Guide","ar","","","Language learning or named exam preparation","/ar /sat-preparation-sharjah /language-trainings /spoken-english /spoken-arabic /french /spanish /german /ielts-course /toefl-course /pte-course /academic-excellence /maths-tuition-sharjah /science-tuition-sharjah /physics-tuition-sharjah /chemistry-tuition-sharjah /biology-tuition-sharjah /english-tuition-sharjah /courses /professional-certifications /ai-course /cybersecurity-course-sharjah /finance-courses /corporate-trainings /soft-skills-training /sales-negotiations /test-preparations /sat/diagnostic /article/digital-sat-preparation-guide-sharjah-dubai-uae /about /contact /articles /privacy-policy /terms-and-conditions","0","no","English body under Arabic URL; translation pending"
"/ar/article/improve-english-better-jobs","generated public","Other course / campaign","200 local prerender","generated HTML; deployed HTTP unverified","200","https://www.nitaqacademy.com/ar/article/improve-english-better-jobs","not checked","noindex, follow","https://www.nitaqacademy.com/ar/article/improve-english-better-jobs","How to Improve English for Better Jobs in UAE | NITAQ ACADEMY","Discover how to improve your English for better jobs in Dubai and Sharjah. Boost your career with professional communication and Spoken English from NITAQ ACADEMY.","How to Improve Your English for Better Career Opportunities in the UAE","ar","","","Named course or academy information","/ar /sat-preparation-sharjah /language-trainings /spoken-english /spoken-arabic /french /spanish /german /ielts-course /toefl-course /pte-course /academic-excellence /maths-tuition-sharjah /science-tuition-sharjah /physics-tuition-sharjah /chemistry-tuition-sharjah /biology-tuition-sharjah /english-tuition-sharjah /courses /professional-certifications /ai-course /cybersecurity-course-sharjah /finance-courses /corporate-trainings /soft-skills-training /sales-negotiations /test-preparations /sat/diagnostic /article/digital-sat-preparation-guide-sharjah-dubai-uae /about /contact /articles /privacy-policy /terms-and-conditions","0","no","English body under Arabic URL; translation pending"
"/ar/article/improve-ielts-band-score","generated public","Language / exam course","200 local prerender","generated HTML; deployed HTTP unverified","200","https://www.nitaqacademy.com/ar/article/improve-ielts-band-score","not checked","noindex, follow","https://www.nitaqacademy.com/ar/article/improve-ielts-band-score","How to Improve Your IELTS Band Score with Structured Training | NITAQ ACADEMY","Stuck at a 6.0 band score? Learn how to push your IELTS result to 7.5 or 8.0 with structured training techniques focused on the UAE exam standards.","How to Improve Your IELTS Band Score with Structured Training","ar","","","Language learning or named exam preparation","/ar /sat-preparation-sharjah /language-trainings /spoken-english /spoken-arabic /french /spanish /german /ielts-course /toefl-course /pte-course /academic-excellence /maths-tuition-sharjah /science-tuition-sharjah /physics-tuition-sharjah /chemistry-tuition-sharjah /biology-tuition-sharjah /english-tuition-sharjah /courses /professional-certifications /ai-course /cybersecurity-course-sharjah /finance-courses /corporate-trainings /soft-skills-training /sales-negotiations /test-preparations /sat/diagnostic /article/digital-sat-preparation-guide-sharjah-dubai-uae /about /contact /articles /privacy-policy /terms-and-conditions","0","no","English body under Arabic URL; translation pending"
"/ar/article/professional-courses-sharjah-growth","generated public","Information / directory","200 local prerender","generated HTML; deployed HTTP unverified","200","https://www.nitaqacademy.com/ar/article/professional-courses-sharjah-growth","not checked","noindex, follow","https://www.nitaqacademy.com/ar/article/professional-courses-sharjah-growth","Why Professional Courses in Sharjah Are Important for Career Growth | NITAQ ACADEMY","Discover how professional courses in Sharjah can accelerate your career in the competitive UAE market. Learn about the most in-demand skills and certifications.","Why Professional Courses in Sharjah Are Important for Career Growth","ar","","","Named course or academy information","/ar /sat-preparation-sharjah /language-trainings /spoken-english /spoken-arabic /french /spanish /german /ielts-course /toefl-course /pte-course /academic-excellence /maths-tuition-sharjah /science-tuition-sharjah /physics-tuition-sharjah /chemistry-tuition-sharjah /biology-tuition-sharjah /english-tuition-sharjah /courses /professional-certifications /ai-course /cybersecurity-course-sharjah /finance-courses /corporate-trainings /soft-skills-training /sales-negotiations /test-preparations /sat/diagnostic /article/digital-sat-preparation-guide-sharjah-dubai-uae /about /contact /articles /privacy-policy /terms-and-conditions /acca-course /power-bi-excel","0","no","English body under Arabic URL; translation pending"
"/ar/article/professional-digital-marketing-course-overview","generated public","Other course / campaign","200 local prerender","generated HTML; deployed HTTP unverified","200","https://www.nitaqacademy.com/ar/article/professional-digital-marketing-course-overview","not checked","noindex, follow","https://www.nitaqacademy.com/ar/article/professional-digital-marketing-course-overview","Professional Digital Marketing Course in Sharjah, UAE","Master SEO, Google Ads, Social Media Marketing, AI Marketing & Lead Generation with our Professional Digital Marketing Course in Sharjah, UAE.","Professional Digital Marketing Course in Sharjah, UAE","ar","","","Named course or academy information","/ar /sat-preparation-sharjah /language-trainings /spoken-english /spoken-arabic /french /spanish /german /ielts-course /toefl-course /pte-course /academic-excellence /maths-tuition-sharjah /science-tuition-sharjah /physics-tuition-sharjah /chemistry-tuition-sharjah /biology-tuition-sharjah /english-tuition-sharjah /courses /professional-certifications /ai-course /cybersecurity-course-sharjah /finance-courses /corporate-trainings /soft-skills-training /sales-negotiations /test-preparations /sat/diagnostic /article/digital-sat-preparation-guide-sharjah-dubai-uae /about /contact /articles /privacy-policy /terms-and-conditions /courses/professional-digital-marketing-course-sharjah-uae","0","no","English body under Arabic URL; translation pending"
"/ar/article/sat-coaching-sharjah","generated public","Other course / campaign","200 local prerender","generated HTML; deployed HTTP unverified","200","https://www.nitaqacademy.com/ar/article/sat-coaching-sharjah","not checked","noindex, follow","https://www.nitaqacademy.com/ar/article/sat-coaching-sharjah","SAT Coaching in Sharjah: A Complete Guide to Scoring Higher in 2026 | NITAQ ACADEMY","Master the SAT in Sharjah with our updated 2026 guide. Learn about SAT structure, common challenges, and effective strategies for success.","SAT Coaching in Sharjah: A Complete Guide to Scoring Higher in 2026","ar","","","Named course or academy information","/ar /sat-preparation-sharjah /language-trainings /spoken-english /spoken-arabic /french /spanish /german /ielts-course /toefl-course /pte-course /academic-excellence /maths-tuition-sharjah /science-tuition-sharjah /physics-tuition-sharjah /chemistry-tuition-sharjah /biology-tuition-sharjah /english-tuition-sharjah /courses /professional-certifications /ai-course /cybersecurity-course-sharjah /finance-courses /corporate-trainings /soft-skills-training /sales-negotiations /test-preparations /sat/diagnostic /article/digital-sat-preparation-guide-sharjah-dubai-uae /about /contact /articles /privacy-policy /terms-and-conditions","0","no","English body under Arabic URL; translation pending"
"/ar/article/sat-score-1300-guide","generated public","Other course / campaign","200 local prerender","generated HTML; deployed HTTP unverified","200","https://www.nitaqacademy.com/ar/article/sat-score-1300-guide","not checked","noindex, follow","https://www.nitaqacademy.com/ar/article/sat-score-1300-guide","SAT Coaching in Sharjah: How to Score 1300+ in 2026 | NITAQ ACADEMY","Learn the exact strategies to score 1300+ on the Digital SAT in Sharjah. Our 2026 guide covers section-wise tips, timing, and preparation methods.","SAT Coaching in Sharjah: How to Score 1300+ in 2026","ar","","","Named course or academy information","/ar /sat-preparation-sharjah /language-trainings /spoken-english /spoken-arabic /french /spanish /german /ielts-course /toefl-course /pte-course /academic-excellence /maths-tuition-sharjah /science-tuition-sharjah /physics-tuition-sharjah /chemistry-tuition-sharjah /biology-tuition-sharjah /english-tuition-sharjah /courses /professional-certifications /ai-course /cybersecurity-course-sharjah /finance-courses /corporate-trainings /soft-skills-training /sales-negotiations /test-preparations /sat/diagnostic /article/digital-sat-preparation-guide-sharjah-dubai-uae /about /contact /articles /privacy-policy /terms-and-conditions","0","no","English body under Arabic URL; translation pending"
"/ar/article/sat-vs-ielts-guide","generated public","Language / exam course","200 local prerender","generated HTML; deployed HTTP unverified","200","https://www.nitaqacademy.com/ar/article/sat-vs-ielts-guide","not checked","noindex, follow","https://www.nitaqacademy.com/ar/article/sat-vs-ielts-guide","SAT vs IELTS: Which Exam Do You Need for Studying Abroad? | NITAQ ACADEMY","Confused between SAT and IELTS? Our comprehensive comparison guide helps students in the UAE choose the right exam for their international university applications.","SAT vs IELTS: Which Exam Do You Need for Studying Abroad?","ar","","","Language learning or named exam preparation","/ar /sat-preparation-sharjah /language-trainings /spoken-english /spoken-arabic /french /spanish /german /ielts-course /toefl-course /pte-course /academic-excellence /maths-tuition-sharjah /science-tuition-sharjah /physics-tuition-sharjah /chemistry-tuition-sharjah /biology-tuition-sharjah /english-tuition-sharjah /courses /professional-certifications /ai-course /cybersecurity-course-sharjah /finance-courses /corporate-trainings /soft-skills-training /sales-negotiations /test-preparations /sat/diagnostic /article/digital-sat-preparation-guide-sharjah-dubai-uae /about /contact /articles /privacy-policy /terms-and-conditions","0","no","English body under Arabic URL; translation pending"
"/ar/article/top-skills-uae-2026","generated public","Other course / campaign","200 local prerender","generated HTML; deployed HTTP unverified","200","https://www.nitaqacademy.com/ar/article/top-skills-uae-2026","not checked","noindex, follow","https://www.nitaqacademy.com/ar/article/top-skills-uae-2026","Top Skills UAE 2026: Career Success & High-Income Skills | NITAQ ACADEMY","Master the top skills UAE 2026 demands. Explore why AI, Digital Marketing, and Data Analytics are the best skills for students and professionals in Dubai & Sharjah.","Top Skills UAE 2026: The Ultimate Guide to Career Success in the Emirates","ar","","","Named course or academy information","/ar /sat-preparation-sharjah /language-trainings /spoken-english /spoken-arabic /french /spanish /german /ielts-course /toefl-course /pte-course /academic-excellence /maths-tuition-sharjah /science-tuition-sharjah /physics-tuition-sharjah /chemistry-tuition-sharjah /biology-tuition-sharjah /english-tuition-sharjah /courses /professional-certifications /ai-course /cybersecurity-course-sharjah /finance-courses /corporate-trainings /soft-skills-training /sales-negotiations /test-preparations /sat/diagnostic /article/digital-sat-preparation-guide-sharjah-dubai-uae /about /contact /articles /privacy-policy /terms-and-conditions /professional-marketing-course /power-bi-excel","0","no","English body under Arabic URL; translation pending"
"/ar/article/why-hiring-digital-marketing-agency-transform-business","generated public","Other course / campaign","200 local prerender","generated HTML; deployed HTTP unverified","200","https://www.nitaqacademy.com/ar/article/why-hiring-digital-marketing-agency-transform-business","not checked","noindex, follow","https://www.nitaqacademy.com/ar/article/why-hiring-digital-marketing-agency-transform-business","Why Hiring a Digital Marketing Agency Can Transform Your Business | NITAQ Academy UAE","Discover how hiring a top digital marketing agency in Sharjah & Dubai can transform your business. Complete 2026 guide to SEO, PPC, Meta Ads, AI SEO & ROI.","Why Hiring a Digital Marketing Agency Can Transform Your Business","ar","","Article Organization","Named course or academy information","/ar /sat-preparation-sharjah /language-trainings /spoken-english /spoken-arabic /french /spanish /german /ielts-course /toefl-course /pte-course /academic-excellence /maths-tuition-sharjah /science-tuition-sharjah /physics-tuition-sharjah /chemistry-tuition-sharjah /biology-tuition-sharjah /english-tuition-sharjah /courses /professional-certifications /ai-course /cybersecurity-course-sharjah /finance-courses /corporate-trainings /soft-skills-training /sales-negotiations /test-preparations /sat/diagnostic /article/digital-sat-preparation-guide-sharjah-dubai-uae /about /contact /articles /privacy-policy /terms-and-conditions / /courses/professional-digital-marketing-course-sharjah-uae","0","no","English body under Arabic URL; translation pending"
"/ar/article/why-not-getting-hired-uae","generated public","Other course / campaign","200 local prerender","generated HTML; deployed HTTP unverified","200","https://www.nitaqacademy.com/ar/article/why-not-getting-hired-uae","not checked","noindex, follow","https://www.nitaqacademy.com/ar/article/why-not-getting-hired-uae","Why You Are Not Getting Hired in UAE: 5 Common Mistakes | NITAQ ACADEMY","Struggling to find a job in Dubai or Sharjah? Discover why you are not getting hired in UAE and how to fix your CV, certifications, and networking strategy.","Why You Are Not Getting Hired in UAE: 5 Common Mistakes & How to Fix Them","ar","","","Named course or academy information","/ar /sat-preparation-sharjah /language-trainings /spoken-english /spoken-arabic /french /spanish /german /ielts-course /toefl-course /pte-course /academic-excellence /maths-tuition-sharjah /science-tuition-sharjah /physics-tuition-sharjah /chemistry-tuition-sharjah /biology-tuition-sharjah /english-tuition-sharjah /courses /professional-certifications /ai-course /cybersecurity-course-sharjah /finance-courses /corporate-trainings /soft-skills-training /sales-negotiations /test-preparations /sat/diagnostic /article/digital-sat-preparation-guide-sharjah-dubai-uae /about /contact /articles /privacy-policy /terms-and-conditions /chrm /uae-corporate-tax /hrm-courses","0","no","English body under Arabic URL; translation pending"
"/ar/articles","generated public","Information / directory","200 local prerender","generated HTML; deployed HTTP unverified","200","https://www.nitaqacademy.com/ar/articles","not checked","noindex, follow","https://www.nitaqacademy.com/ar/articles","Articles & Educational Guides | NITAQ ACADEMY Sharjah","Read Nitaq Academy guides to SAT preparation, language learning, subject tuition and professional skills in Sharjah.","Educational Insights & Guides","ar","","","Named course or academy information","/ar /sat-preparation-sharjah /language-trainings /spoken-english /spoken-arabic /french /spanish /german /ielts-course /toefl-course /pte-course /academic-excellence /maths-tuition-sharjah /science-tuition-sharjah /physics-tuition-sharjah /chemistry-tuition-sharjah /biology-tuition-sharjah /english-tuition-sharjah /courses /professional-certifications /ai-course /cybersecurity-course-sharjah /finance-courses /corporate-trainings /soft-skills-training /sales-negotiations /test-preparations /sat/diagnostic /article/digital-sat-preparation-guide-sharjah-dubai-uae /about /contact /articles /privacy-policy /terms-and-conditions /article/free-digital-sat-diagnostic-assessment-guide /article/best-tuition-classes-near-me-sharjah /article/comprehensive-subject-tuition-guide-sharjah-dubai-uae /article/best-tuition-classes-sharjah-dubai-guide /article/academic-excellence-tuition-dubai-sharjah-uae /article/complete-guide-best-tuition-classes-dubai-sharjah-uae /article/why-hiring-digital-marketing-agency-transform-business /courses/professional-digital-marketing-course-sharjah-uae /article/how-to-choose-best-digital-marketing-institute-sharjah-dubai-uae","0","no","English body under Arabic URL; translation pending"
"/ar/biology-tuition-sharjah","generated public","Subject tuition","200 local prerender","generated HTML; deployed HTTP unverified","200","https://www.nitaqacademy.com/ar/biology-tuition-sharjah","not checked","noindex, follow","https://www.nitaqacademy.com/ar/biology-tuition-sharjah","Biology Tuition in Sharjah & Dubai | IGCSE, A-Level, IB & CBSE Class 8-12 | Nitaq UAE","Premier Biology tuition in Sharjah, Dubai & UAE for Class 8-12. Cambridge IGCSE (0610), Edexcel A-Level, IB Biology HL/SL & CBSE NEET Foundation in Al Majaz 3, Sharjah & Online UAE.","Biology Tuition in Sharjah","ar","","","Subject tuition enquiry","/ar /sat-preparation-sharjah /language-trainings /spoken-english /spoken-arabic /french /spanish /german /ielts-course /toefl-course /pte-course /academic-excellence /maths-tuition-sharjah /science-tuition-sharjah /physics-tuition-sharjah /chemistry-tuition-sharjah /biology-tuition-sharjah /english-tuition-sharjah /courses /professional-certifications /ai-course /cybersecurity-course-sharjah /finance-courses /corporate-trainings /soft-skills-training /sales-negotiations /test-preparations /sat/diagnostic /article/digital-sat-preparation-guide-sharjah-dubai-uae /about /contact /articles /privacy-policy /terms-and-conditions /enquiry","0","no","English body under Arabic URL; translation pending"
"/ar/business-studies-tuition-sharjah","generated public","Subject tuition","200 local prerender","generated HTML; deployed HTTP unverified","200","https://www.nitaqacademy.com/ar/business-studies-tuition-sharjah","not checked","noindex, follow","https://www.nitaqacademy.com/ar/business-studies-tuition-sharjah","Business Studies Tuition in Sharjah & Dubai | IGCSE, A-Level & CBSE Class 9-12 | Nitaq UAE","Expert Business Studies tuition in Sharjah, Dubai & UAE for Class 9-12. Cambridge IGCSE (0450), Edexcel A-Level, IB Business Management & CBSE Class 11-12 in Al Majaz 3, Sharjah & Online UAE.","Business Studies Tuition in Sharjah","ar","","","Subject tuition enquiry","/ar /sat-preparation-sharjah /language-trainings /spoken-english /spoken-arabic /french /spanish /german /ielts-course /toefl-course /pte-course /academic-excellence /maths-tuition-sharjah /science-tuition-sharjah /physics-tuition-sharjah /chemistry-tuition-sharjah /biology-tuition-sharjah /english-tuition-sharjah /courses /professional-certifications /ai-course /cybersecurity-course-sharjah /finance-courses /corporate-trainings /soft-skills-training /sales-negotiations /test-preparations /sat/diagnostic /article/digital-sat-preparation-guide-sharjah-dubai-uae /about /contact /articles /privacy-policy /terms-and-conditions /accountancy-tuition-sharjah /economics-tuition-sharjah /enquiry","0","no","English body under Arabic URL; translation pending"
"/ar/chemistry-tuition-sharjah","generated public","Subject tuition","200 local prerender","generated HTML; deployed HTTP unverified","200","https://www.nitaqacademy.com/ar/chemistry-tuition-sharjah","not checked","noindex, follow","https://www.nitaqacademy.com/ar/chemistry-tuition-sharjah","Chemistry Tuition in Sharjah & Dubai | IGCSE, A-Level, IB & CBSE Class 8-12 | Nitaq UAE","Expert Chemistry tuition in Sharjah, Dubai & UAE for Class 8-12. Cambridge IGCSE (0620), Edexcel A-Level, IB Chemistry HL/SL & CBSE Class 11-12 in Al Majaz 3, Sharjah & Online UAE.","Chemistry Tuition in Sharjah","ar","","","Subject tuition enquiry","/ar /sat-preparation-sharjah /language-trainings /spoken-english /spoken-arabic /french /spanish /german /ielts-course /toefl-course /pte-course /academic-excellence /maths-tuition-sharjah /science-tuition-sharjah /physics-tuition-sharjah /chemistry-tuition-sharjah /biology-tuition-sharjah /english-tuition-sharjah /courses /professional-certifications /ai-course /cybersecurity-course-sharjah /finance-courses /corporate-trainings /soft-skills-training /sales-negotiations /test-preparations /sat/diagnostic /article/digital-sat-preparation-guide-sharjah-dubai-uae /about /contact /articles /privacy-policy /terms-and-conditions /enquiry","0","no","English body under Arabic URL; translation pending"
"/ar/chrm","generated public","Other course / campaign","200 local prerender","generated HTML; deployed HTTP unverified","200","https://www.nitaqacademy.com/ar/chrm","not checked","noindex, follow","https://www.nitaqacademy.com/ar/chrm","CHRM Course Sharjah | Certified HR Manager Training UAE | NITAQ ACADEMY","CHRM (Certified HR Manager) preparation at NITAQ ACADEMY Sharjah. Build strategic HR leadership skills with our expert-led CHRM coaching. Online & offline batches UAE.","CHRM - Certified Human Resource Manager","ar","","","Named course or academy information","/ar /sat-preparation-sharjah /language-trainings /spoken-english /spoken-arabic /french /spanish /german /ielts-course /toefl-course /pte-course /academic-excellence /maths-tuition-sharjah /science-tuition-sharjah /physics-tuition-sharjah /chemistry-tuition-sharjah /biology-tuition-sharjah /english-tuition-sharjah /courses /professional-certifications /ai-course /cybersecurity-course-sharjah /finance-courses /corporate-trainings /soft-skills-training /sales-negotiations /test-preparations /sat/diagnostic /article/digital-sat-preparation-guide-sharjah-dubai-uae /about /contact /articles /privacy-policy /terms-and-conditions","0","no","English body under Arabic URL; translation pending"
"/ar/cma-course","generated public","Other course / campaign","200 local prerender","generated HTML; deployed HTTP unverified","200","https://www.nitaqacademy.com/ar/cma-course","not checked","noindex, follow","https://www.nitaqacademy.com/ar/cma-course","CMA Course Sharjah | Certified Management Accountant Coaching UAE | Nitaq","CMA (Certified Management Accountant) preparation at NITAQ ACADEMY Sharjah. Expert IMA CMA exam coaching. SPEA Authorized. Online & offline batches available UAE.","CMA - Certified Management Accountant","ar","","","Named course or academy information","/ar /sat-preparation-sharjah /language-trainings /spoken-english /spoken-arabic /french /spanish /german /ielts-course /toefl-course /pte-course /academic-excellence /maths-tuition-sharjah /science-tuition-sharjah /physics-tuition-sharjah /chemistry-tuition-sharjah /biology-tuition-sharjah /english-tuition-sharjah /courses /professional-certifications /ai-course /cybersecurity-course-sharjah /finance-courses /corporate-trainings /soft-skills-training /sales-negotiations /test-preparations /sat/diagnostic /article/digital-sat-preparation-guide-sharjah-dubai-uae /about /contact /articles /privacy-policy /terms-and-conditions","0","no","English body under Arabic URL; translation pending"
"/ar/contact","generated public","Information / directory","200 local prerender","generated HTML; deployed HTTP unverified","200","https://www.nitaqacademy.com/ar/contact","not checked","noindex, follow","https://www.nitaqacademy.com/ar/contact","تواصل مع أكاديمية نطاق الشارقة | اتصل بنا","تواصل مع أكاديمية نطاق في الشارقة: استفسارات الدورات والتسجيل والمواعيد. هاتف +971 52 756 9908 أو زُر مقرنا في المجاز 3.","Get in Touch","ar","","","Named course or academy information","/ar /sat-preparation-sharjah /language-trainings /spoken-english /spoken-arabic /french /spanish /german /ielts-course /toefl-course /pte-course /academic-excellence /maths-tuition-sharjah /science-tuition-sharjah /physics-tuition-sharjah /chemistry-tuition-sharjah /biology-tuition-sharjah /english-tuition-sharjah /courses /professional-certifications /ai-course /cybersecurity-course-sharjah /finance-courses /corporate-trainings /soft-skills-training /sales-negotiations /test-preparations /sat/diagnostic /article/digital-sat-preparation-guide-sharjah-dubai-uae /about /contact /articles /privacy-policy /terms-and-conditions","0","no","English body under Arabic URL; translation pending"
"/ar/corporate-trainings","generated public","Other course / campaign","200 local prerender","generated HTML; deployed HTTP unverified","200","https://www.nitaqacademy.com/ar/corporate-trainings","not checked","noindex, follow","https://www.nitaqacademy.com/ar/corporate-trainings","التدريب المؤسسي في الشارقة والإمارات | أكاديمية نطاق","حلول تدريب مؤسسي مصممة خصيصاً للشركات في الإمارات لتطوير مهارات فرق العمل ورفع الأداء المؤسسي.","Corporate Enablement","ar","","","Named course or academy information","/ar /sat-preparation-sharjah /language-trainings /spoken-english /spoken-arabic /french /spanish /german /ielts-course /toefl-course /pte-course /academic-excellence /maths-tuition-sharjah /science-tuition-sharjah /physics-tuition-sharjah /chemistry-tuition-sharjah /biology-tuition-sharjah /english-tuition-sharjah /courses /professional-certifications /ai-course /cybersecurity-course-sharjah /finance-courses /corporate-trainings /soft-skills-training /sales-negotiations /test-preparations /sat/diagnostic /article/digital-sat-preparation-guide-sharjah-dubai-uae /about /contact /articles /privacy-policy /terms-and-conditions","0","no","English body under Arabic URL; translation pending"
"/ar/courses","generated public","Information / directory","200 local prerender","generated HTML; deployed HTTP unverified","200","https://www.nitaqacademy.com/ar/courses","not checked","noindex, follow","https://www.nitaqacademy.com/ar/courses","جميع الدورات | أكاديمية نطاق الشارقة","تصفح جميع دورات أكاديمية نطاق في الشارقة: التحضير للاختبارات الدولية، الشهادات المهنية، اللغات، والتدريب المؤسسي.","Courses by NITAQ ACADEMY","ar","","","Named course or academy information","/ar /sat-preparation-sharjah /language-trainings /spoken-english /spoken-arabic /french /spanish /german /ielts-course /toefl-course /pte-course /academic-excellence /maths-tuition-sharjah /science-tuition-sharjah /physics-tuition-sharjah /chemistry-tuition-sharjah /biology-tuition-sharjah /english-tuition-sharjah /courses /professional-certifications /ai-course /cybersecurity-course-sharjah /finance-courses /corporate-trainings /soft-skills-training /sales-negotiations /test-preparations /sat/diagnostic /article/digital-sat-preparation-guide-sharjah-dubai-uae /about /contact /articles /privacy-policy /terms-and-conditions /acca-course /uae-corporate-tax /power-bi-excel /professional-marketing-course /gre-preparation /gmat-preparation","0","no","English body under Arabic URL; translation pending"
"/ar/courses/professional-digital-marketing-course-sharjah-uae","generated public","Information / directory","200 local prerender","generated HTML; deployed HTTP unverified","200","https://www.nitaqacademy.com/ar/courses/professional-digital-marketing-course-sharjah-uae","not checked","noindex, follow","https://www.nitaqacademy.com/ar/courses/professional-digital-marketing-course-sharjah-uae","Digital Marketing Course in Sharjah | NITAQ Academy","Become a certified marketer with the best Digital Marketing Course in Sharjah. Practical training in SEO, Google Ads, Meta Ads & AI. Enroll at NITAQ today!","Professional Digital Marketing Course in Sharjah, UAE","ar","","","Named course or academy information","/ar /sat-preparation-sharjah /language-trainings /spoken-english /spoken-arabic /french /spanish /german /ielts-course /toefl-course /pte-course /academic-excellence /maths-tuition-sharjah /science-tuition-sharjah /physics-tuition-sharjah /chemistry-tuition-sharjah /biology-tuition-sharjah /english-tuition-sharjah /courses /professional-certifications /ai-course /cybersecurity-course-sharjah /finance-courses /corporate-trainings /soft-skills-training /sales-negotiations /test-preparations /sat/diagnostic /article/digital-sat-preparation-guide-sharjah-dubai-uae /about /contact /articles /privacy-policy /terms-and-conditions","0","no","English body under Arabic URL; translation pending"
"/ar/cpa-course","generated public","Other course / campaign","200 local prerender","generated HTML; deployed HTTP unverified","200","https://www.nitaqacademy.com/ar/cpa-course","not checked","noindex, follow","https://www.nitaqacademy.com/ar/cpa-course","CPA Course Sharjah | Certified Public Accountant Training UAE | NITAQ ACADEMY","Explore US CPA Exam preparation at Nitaq Academy in Sharjah. The current exam has AUD, FAR and REG core sections plus one chosen Discipline.","CPA - Certified Public Accountant","ar","","","Named course or academy information","/ar /sat-preparation-sharjah /language-trainings /spoken-english /spoken-arabic /french /spanish /german /ielts-course /toefl-course /pte-course /academic-excellence /maths-tuition-sharjah /science-tuition-sharjah /physics-tuition-sharjah /chemistry-tuition-sharjah /biology-tuition-sharjah /english-tuition-sharjah /courses /professional-certifications /ai-course /cybersecurity-course-sharjah /finance-courses /corporate-trainings /soft-skills-training /sales-negotiations /test-preparations /sat/diagnostic /article/digital-sat-preparation-guide-sharjah-dubai-uae /about /contact /articles /privacy-policy /terms-and-conditions","0","no","English body under Arabic URL; translation pending"
"/ar/cpcd-courses","generated public","Information / directory","200 local prerender","generated HTML; deployed HTTP unverified","200","https://www.nitaqacademy.com/ar/cpcd-courses","not checked","noindex, follow","https://www.nitaqacademy.com/ar/cpcd-courses","CPCD Course Sharjah | Professional CP Training UAE | NITAQ ACADEMY","CPCD professional certification training at NITAQ ACADEMY Sharjah. Expert coaching for CPCD exams. Online & offline batches available UAE. SPEA Authorized.","CPCD - Certified Professional in Career Development","ar","","","Named course or academy information","/ar /sat-preparation-sharjah /language-trainings /spoken-english /spoken-arabic /french /spanish /german /ielts-course /toefl-course /pte-course /academic-excellence /maths-tuition-sharjah /science-tuition-sharjah /physics-tuition-sharjah /chemistry-tuition-sharjah /biology-tuition-sharjah /english-tuition-sharjah /courses /professional-certifications /ai-course /cybersecurity-course-sharjah /finance-courses /corporate-trainings /soft-skills-training /sales-negotiations /test-preparations /sat/diagnostic /article/digital-sat-preparation-guide-sharjah-dubai-uae /about /contact /articles /privacy-policy /terms-and-conditions","0","no","English body under Arabic URL; translation pending"
"/ar/cybersecurity-course-sharjah","generated public","Other course / campaign","200 local prerender","generated HTML; deployed HTTP unverified","200","https://www.nitaqacademy.com/ar/cybersecurity-course-sharjah","not checked","noindex, follow","https://www.nitaqacademy.com/ar/cybersecurity-course-sharjah","Cybersecurity Course Sharjah | Ethical Hacking UAE | Nitaq","Learn ethical hacking and cybersecurity in Sharjah. CyberShield program for beginners. Master Kali Linux, Metasploit, Wireshark. Online & offline batches near me.","Cybersecurity Foundations & Ethical Hacking","ar","","","Named course or academy information","/ar /sat-preparation-sharjah /language-trainings /spoken-english /spoken-arabic /french /spanish /german /ielts-course /toefl-course /pte-course /academic-excellence /maths-tuition-sharjah /science-tuition-sharjah /physics-tuition-sharjah /chemistry-tuition-sharjah /biology-tuition-sharjah /english-tuition-sharjah /courses /professional-certifications /ai-course /cybersecurity-course-sharjah /finance-courses /corporate-trainings /soft-skills-training /sales-negotiations /test-preparations /sat/diagnostic /article/digital-sat-preparation-guide-sharjah-dubai-uae /about /contact /articles /privacy-policy /terms-and-conditions","0","no","English body under Arabic URL; translation pending"
"/ar/data-management","generated public","Other course / campaign","200 local prerender","generated HTML; deployed HTTP unverified","200","https://www.nitaqacademy.com/ar/data-management","not checked","noindex, follow","https://www.nitaqacademy.com/ar/data-management","Data Management Course Sharjah | Database & Analytics Training UAE | Nitaq","Data management training at NITAQ ACADEMY Sharjah. Learn database management, data analysis, SQL, and business intelligence tools. Online & offline batches UAE.","Certified Data Management Professional","ar","","","Named course or academy information","/ar /sat-preparation-sharjah /language-trainings /spoken-english /spoken-arabic /french /spanish /german /ielts-course /toefl-course /pte-course /academic-excellence /maths-tuition-sharjah /science-tuition-sharjah /physics-tuition-sharjah /chemistry-tuition-sharjah /biology-tuition-sharjah /english-tuition-sharjah /courses /professional-certifications /ai-course /cybersecurity-course-sharjah /finance-courses /corporate-trainings /soft-skills-training /sales-negotiations /test-preparations /sat/diagnostic /article/digital-sat-preparation-guide-sharjah-dubai-uae /about /contact /articles /privacy-policy /terms-and-conditions","0","no","English body under Arabic URL; translation pending"
"/ar/economics-tuition-sharjah","generated public","Subject tuition","200 local prerender","generated HTML; deployed HTTP unverified","200","https://www.nitaqacademy.com/ar/economics-tuition-sharjah","not checked","noindex, follow","https://www.nitaqacademy.com/ar/economics-tuition-sharjah","Economics Tuition in Sharjah & Dubai | IGCSE, A-Level, IB & CBSE Class 9-12 | Nitaq UAE","Expert Economics tuition in Sharjah, Dubai & UAE for Class 9-12. Cambridge IGCSE (0455), Edexcel A-Level, IB Economics HL/SL & CBSE Class 11-12 in Al Majaz 3, Sharjah & Online UAE.","Economics Tuition in Sharjah","ar","","","Subject tuition enquiry","/ar /sat-preparation-sharjah /language-trainings /spoken-english /spoken-arabic /french /spanish /german /ielts-course /toefl-course /pte-course /academic-excellence /maths-tuition-sharjah /science-tuition-sharjah /physics-tuition-sharjah /chemistry-tuition-sharjah /biology-tuition-sharjah /english-tuition-sharjah /courses /professional-certifications /ai-course /cybersecurity-course-sharjah /finance-courses /corporate-trainings /soft-skills-training /sales-negotiations /test-preparations /sat/diagnostic /article/digital-sat-preparation-guide-sharjah-dubai-uae /about /contact /articles /privacy-policy /terms-and-conditions /business-studies-tuition-sharjah /accountancy-tuition-sharjah /enquiry","0","no","English body under Arabic URL; translation pending"
"/ar/english-tuition-sharjah","generated public","Subject tuition","200 local prerender","generated HTML; deployed HTTP unverified","200","https://www.nitaqacademy.com/ar/english-tuition-sharjah","not checked","noindex, follow","https://www.nitaqacademy.com/ar/english-tuition-sharjah","English Tuition in Sharjah & Dubai | Grammar, Writing, IGCSE & CBSE Class 1-12 | Nitaq UAE","Premier English tuition in Sharjah, Dubai & UAE for Class 1-12. Grammar classes, essay writing, comprehension & IGCSE English coaching in Al Majaz 3, Sharjah & online UAE.","English Tuition in Sharjah","ar","","","Subject tuition enquiry","/ar /sat-preparation-sharjah /language-trainings /spoken-english /spoken-arabic /french /spanish /german /ielts-course /toefl-course /pte-course /academic-excellence /maths-tuition-sharjah /science-tuition-sharjah /physics-tuition-sharjah /chemistry-tuition-sharjah /biology-tuition-sharjah /english-tuition-sharjah /courses /professional-certifications /ai-course /cybersecurity-course-sharjah /finance-courses /corporate-trainings /soft-skills-training /sales-negotiations /test-preparations /sat/diagnostic /article/digital-sat-preparation-guide-sharjah-dubai-uae /about /contact /articles /privacy-policy /terms-and-conditions /social-science-tuition-sharjah /enquiry","0","no","English body under Arabic URL; translation pending"
"/ar/enquiry","generated public","Other course / campaign","200 local prerender","generated HTML; deployed HTTP unverified","200","https://www.nitaqacademy.com/ar/enquiry","not checked","noindex, follow","https://www.nitaqacademy.com/ar/enquiry","Enquire Now | NITAQ ACADEMY Sharjah","Get in touch with NITAQ ACADEMY Sharjah for course details, batch schedules, and fee structures. Enquire now to start your learning journey.","Enquire Now","ar","","","Named course or academy information","/ar /sat-preparation-sharjah /language-trainings /spoken-english /spoken-arabic /french /spanish /german /ielts-course /toefl-course /pte-course /academic-excellence /maths-tuition-sharjah /science-tuition-sharjah /physics-tuition-sharjah /chemistry-tuition-sharjah /biology-tuition-sharjah /english-tuition-sharjah /courses /professional-certifications /ai-course /cybersecurity-course-sharjah /finance-courses /corporate-trainings /soft-skills-training /sales-negotiations /test-preparations /sat/diagnostic /article/digital-sat-preparation-guide-sharjah-dubai-uae /about /contact /articles /privacy-policy /terms-and-conditions","0","no","English body under Arabic URL; translation pending"
"/ar/finance-courses","generated public","Information / directory","200 local prerender","generated HTML; deployed HTTP unverified","200","https://www.nitaqacademy.com/ar/finance-courses","not checked","noindex, follow","https://www.nitaqacademy.com/ar/finance-courses","Finance Courses Sharjah | ACCA, CMA, CPA | NITAQ ACADEMY","Explore finance courses and ACCA, CMA and CPA preparation at Nitaq Academy in Sharjah. Ask the admissions team about current programmes.","Finance Specializations","ar","","","Named course or academy information","/ar /sat-preparation-sharjah /language-trainings /spoken-english /spoken-arabic /french /spanish /german /ielts-course /toefl-course /pte-course /academic-excellence /maths-tuition-sharjah /science-tuition-sharjah /physics-tuition-sharjah /chemistry-tuition-sharjah /biology-tuition-sharjah /english-tuition-sharjah /courses /professional-certifications /ai-course /cybersecurity-course-sharjah /finance-courses /corporate-trainings /soft-skills-training /sales-negotiations /test-preparations /sat/diagnostic /article/digital-sat-preparation-guide-sharjah-dubai-uae /about /contact /articles /privacy-policy /terms-and-conditions /acca-course /cma-course /cpa-course /enquiry","0","no","English body under Arabic URL; translation pending"
"/ar/foundation-jee-neet","generated public","Other course / campaign","200 local prerender","generated HTML; deployed HTTP unverified","200","https://www.nitaqacademy.com/ar/foundation-jee-neet","not checked","noindex, follow","https://www.nitaqacademy.com/ar/foundation-jee-neet","JEE/NEET Foundation Course Sharjah | Indian Entrance Exam Prep UAE | Nitaq","JEE and NEET foundation preparation at NITAQ ACADEMY Sharjah. Expert coaching for Indian competitive entrance exams for UAE-based students. Online & offline batches.","Foundation for JEE/NEET","ar","","","Named course or academy information","/ar /sat-preparation-sharjah /language-trainings /spoken-english /spoken-arabic /french /spanish /german /ielts-course /toefl-course /pte-course /academic-excellence /maths-tuition-sharjah /science-tuition-sharjah /physics-tuition-sharjah /chemistry-tuition-sharjah /biology-tuition-sharjah /english-tuition-sharjah /courses /professional-certifications /ai-course /cybersecurity-course-sharjah /finance-courses /corporate-trainings /soft-skills-training /sales-negotiations /test-preparations /sat/diagnostic /article/digital-sat-preparation-guide-sharjah-dubai-uae /about /contact /articles /privacy-policy /terms-and-conditions","0","no","English body under Arabic URL; translation pending"
"/ar/french","generated public","Language / exam course","200 local prerender","generated HTML; deployed HTTP unverified","200","https://www.nitaqacademy.com/ar/french","not checked","noindex, follow","https://www.nitaqacademy.com/ar/french","French Language Course Sharjah | DELF/DALF Preparation UAE | NITAQ ACADEMY","Learn French at all levels (A1–C2) at NITAQ ACADEMY Sharjah. DELF/DALF exam prep, immersive teaching, flexible online & offline batches. CEFR-aligned curriculum. SPEA Authorized.","French Language Course","ar","","","Language learning or named exam preparation","/ar /sat-preparation-sharjah /language-trainings /spoken-english /spoken-arabic /french /spanish /german /ielts-course /toefl-course /pte-course /academic-excellence /maths-tuition-sharjah /science-tuition-sharjah /physics-tuition-sharjah /chemistry-tuition-sharjah /biology-tuition-sharjah /english-tuition-sharjah /courses /professional-certifications /ai-course /cybersecurity-course-sharjah /finance-courses /corporate-trainings /soft-skills-training /sales-negotiations /test-preparations /sat/diagnostic /article/digital-sat-preparation-guide-sharjah-dubai-uae /about /contact /articles /privacy-policy /terms-and-conditions","0","no","English body under Arabic URL; translation pending"
"/ar/german","generated public","Language / exam course","200 local prerender","generated HTML; deployed HTTP unverified","200","https://www.nitaqacademy.com/ar/german","not checked","noindex, follow","https://www.nitaqacademy.com/ar/german","German Language Course Sharjah | Goethe/TestDaF Prep UAE | NITAQ ACADEMY","Learn German (A1–C2) at NITAQ ACADEMY Sharjah. Goethe/TestDaF exam prep, immersive teaching, flexible online & offline batches. CEFR-aligned curriculum. SPEA Authorized.","German Language Course","ar","","","Language learning or named exam preparation","/ar /sat-preparation-sharjah /language-trainings /spoken-english /spoken-arabic /french /spanish /german /ielts-course /toefl-course /pte-course /academic-excellence /maths-tuition-sharjah /science-tuition-sharjah /physics-tuition-sharjah /chemistry-tuition-sharjah /biology-tuition-sharjah /english-tuition-sharjah /courses /professional-certifications /ai-course /cybersecurity-course-sharjah /finance-courses /corporate-trainings /soft-skills-training /sales-negotiations /test-preparations /sat/diagnostic /article/digital-sat-preparation-guide-sharjah-dubai-uae /about /contact /articles /privacy-policy /terms-and-conditions","0","no","English body under Arabic URL; translation pending"
"/ar/gmat-preparation","generated public","Other course / campaign","200 local prerender","generated HTML; deployed HTTP unverified","200","https://www.nitaqacademy.com/ar/gmat-preparation","not checked","noindex, follow","https://www.nitaqacademy.com/ar/gmat-preparation","GMAT Preparation Course Sharjah | MBA Exam Coaching UAE | NITAQ ACADEMY","Explore GMAT preparation in Sharjah with Nitaq Academy. Review Quantitative Reasoning, Verbal Reasoning and Data Insights for the current exam.","GMAT Preparation","ar","","","Named course or academy information","/ar /sat-preparation-sharjah /language-trainings /spoken-english /spoken-arabic /french /spanish /german /ielts-course /toefl-course /pte-course /academic-excellence /maths-tuition-sharjah /science-tuition-sharjah /physics-tuition-sharjah /chemistry-tuition-sharjah /biology-tuition-sharjah /english-tuition-sharjah /courses /professional-certifications /ai-course /cybersecurity-course-sharjah /finance-courses /corporate-trainings /soft-skills-training /sales-negotiations /test-preparations /sat/diagnostic /article/digital-sat-preparation-guide-sharjah-dubai-uae /about /contact /articles /privacy-policy /terms-and-conditions","0","no","English body under Arabic URL; translation pending"
"/ar/gre-preparation","generated public","Other course / campaign","200 local prerender","generated HTML; deployed HTTP unverified","200","https://www.nitaqacademy.com/ar/gre-preparation","not checked","noindex, follow","https://www.nitaqacademy.com/ar/gre-preparation","GRE Preparation Course Sharjah | Graduate School Coaching UAE | NITAQ ACADEMY","Score high on the GRE with NITAQ ACADEMY's expert coaching in Sharjah. 10 mock tests, Quant, Verbal & AWA training. SPEA Authorized. Online & offline GRE prep UAE.","GRE Preparation","ar","","","Named course or academy information","/ar /sat-preparation-sharjah /language-trainings /spoken-english /spoken-arabic /french /spanish /german /ielts-course /toefl-course /pte-course /academic-excellence /maths-tuition-sharjah /science-tuition-sharjah /physics-tuition-sharjah /chemistry-tuition-sharjah /biology-tuition-sharjah /english-tuition-sharjah /courses /professional-certifications /ai-course /cybersecurity-course-sharjah /finance-courses /corporate-trainings /soft-skills-training /sales-negotiations /test-preparations /sat/diagnostic /article/digital-sat-preparation-guide-sharjah-dubai-uae /about /contact /articles /privacy-policy /terms-and-conditions","0","no","English body under Arabic URL; translation pending"
"/ar/hrm-courses","generated public","Information / directory","200 local prerender","generated HTML; deployed HTTP unverified","200","https://www.nitaqacademy.com/ar/hrm-courses","not checked","noindex, follow","https://www.nitaqacademy.com/ar/hrm-courses","HRM Course Sharjah | Human Resource Management Training UAE | NITAQ ACADEMY","Human Resource Management (HRM) training at NITAQ ACADEMY Sharjah. Practical HR skills for professionals. Online & offline batches UAE. SPEA Authorized.","HRM - Human Resource Management","ar","","","Named course or academy information","/ar /sat-preparation-sharjah /language-trainings /spoken-english /spoken-arabic /french /spanish /german /ielts-course /toefl-course /pte-course /academic-excellence /maths-tuition-sharjah /science-tuition-sharjah /physics-tuition-sharjah /chemistry-tuition-sharjah /biology-tuition-sharjah /english-tuition-sharjah /courses /professional-certifications /ai-course /cybersecurity-course-sharjah /finance-courses /corporate-trainings /soft-skills-training /sales-negotiations /test-preparations /sat/diagnostic /article/digital-sat-preparation-guide-sharjah-dubai-uae /about /contact /articles /privacy-policy /terms-and-conditions","0","no","English body under Arabic URL; translation pending"
"/ar/ielts-coaching-dubai","generated public","Language / exam course","200 local prerender","generated HTML; deployed HTTP unverified","200","https://www.nitaqacademy.com/ar/ielts-coaching-dubai","not checked","noindex, follow","https://www.nitaqacademy.com/ar/ielts-coaching-dubai","Online IELTS Preparation for Dubai Students | Nitaq Academy","Explore online IELTS preparation for Dubai residents, delivered by Nitaq Academy in Sharjah. Compare Academic and General Training support and speak with admissions.","IELTS - International English Language Testing System","ar","","","Language learning or named exam preparation","/ar /sat-preparation-sharjah /language-trainings /spoken-english /spoken-arabic /french /spanish /german /ielts-course /toefl-course /pte-course /academic-excellence /maths-tuition-sharjah /science-tuition-sharjah /physics-tuition-sharjah /chemistry-tuition-sharjah /biology-tuition-sharjah /english-tuition-sharjah /courses /professional-certifications /ai-course /cybersecurity-course-sharjah /finance-courses /corporate-trainings /soft-skills-training /sales-negotiations /test-preparations /sat/diagnostic /article/digital-sat-preparation-guide-sharjah-dubai-uae /about /contact /articles /privacy-policy /terms-and-conditions","0","no","English body under Arabic URL; translation pending"
"/ar/ielts-course","generated public","Language / exam course","200 local prerender","generated HTML; deployed HTTP unverified","200","https://www.nitaqacademy.com/ar/ielts-course","not checked","noindex, follow","https://www.nitaqacademy.com/ar/ielts-course","التحضير لاختبار IELTS في الشارقة | أكاديمية نطاق","استعد لاختبار IELTS الأكاديمي أو العام في أكاديمية نطاق بالشارقة، واستفسر عن خيارات التدريب والجداول الحالية والاختبارات التجريبية.","IELTS - International English Language Testing System","ar","","","Language learning or named exam preparation","/ar /sat-preparation-sharjah /language-trainings /spoken-english /spoken-arabic /french /spanish /german /ielts-course /toefl-course /pte-course /academic-excellence /maths-tuition-sharjah /science-tuition-sharjah /physics-tuition-sharjah /chemistry-tuition-sharjah /biology-tuition-sharjah /english-tuition-sharjah /courses /professional-certifications /ai-course /cybersecurity-course-sharjah /finance-courses /corporate-trainings /soft-skills-training /sales-negotiations /test-preparations /sat/diagnostic /article/digital-sat-preparation-guide-sharjah-dubai-uae /about /contact /articles /privacy-policy /terms-and-conditions","0","no","English body under Arabic URL; translation pending"
"/ar/ig/2026-03-29","generated public","Other course / campaign","200 local prerender","generated HTML; deployed HTTP unverified","200","https://www.nitaqacademy.com/ar/ig/2026-03-29","not checked","noindex, follow","https://www.nitaqacademy.com/ar/ig/2026-03-29","Land Your Next Job With A Better Resume | NITAQ ACADEMY","Get the best AI prompts to craft a winning resume and land your dream job.","LAND YOUR NEXT JOB WITH A BETTER RESUME 💼","ar","","","Named course or academy information","/ar /sat-preparation-sharjah /language-trainings /spoken-english /spoken-arabic /french /spanish /german /ielts-course /toefl-course /pte-course /academic-excellence /maths-tuition-sharjah /science-tuition-sharjah /physics-tuition-sharjah /chemistry-tuition-sharjah /biology-tuition-sharjah /english-tuition-sharjah /courses /professional-certifications /ai-course /cybersecurity-course-sharjah /finance-courses /corporate-trainings /soft-skills-training /sales-negotiations /test-preparations /sat/diagnostic /article/digital-sat-preparation-guide-sharjah-dubai-uae /about /contact /articles /privacy-policy /terms-and-conditions","0","no","English body under Arabic URL; translation pending"
"/ar/language-trainings","generated public","Other course / campaign","200 local prerender","generated HTML; deployed HTTP unverified","200","https://www.nitaqacademy.com/ar/language-trainings","not checked","noindex, follow","https://www.nitaqacademy.com/ar/language-trainings","دورات اللغات في الشارقة | أكاديمية نطاق","استكشف دورات الإنجليزية والعربية والفرنسية والألمانية والإسبانية في المجاز 3، الشارقة، بالإضافة إلى التحضير لاختبارات IELTS وTOEFL وPTE.","Language Training in Sharjah","ar","","","Named course or academy information","/ar /sat-preparation-sharjah /language-trainings /spoken-english /spoken-arabic /french /spanish /german /ielts-course /toefl-course /pte-course /academic-excellence /maths-tuition-sharjah /science-tuition-sharjah /physics-tuition-sharjah /chemistry-tuition-sharjah /biology-tuition-sharjah /english-tuition-sharjah /courses /professional-certifications /ai-course /cybersecurity-course-sharjah /finance-courses /corporate-trainings /soft-skills-training /sales-negotiations /test-preparations /sat/diagnostic /article/digital-sat-preparation-guide-sharjah-dubai-uae /about /contact /articles /privacy-policy /terms-and-conditions /enquiry","0","no","English body under Arabic URL; translation pending"
"/ar/maths-tuition-sharjah","generated public","Subject tuition","200 local prerender","generated HTML; deployed HTTP unverified","200","https://www.nitaqacademy.com/ar/maths-tuition-sharjah","not checked","noindex, follow","https://www.nitaqacademy.com/ar/maths-tuition-sharjah","Maths Tuition in Sharjah & Dubai | Class 1 to 12, IGCSE, A-Level & CBSE | Nitaq UAE","Expert Maths tuition in Sharjah, Dubai & UAE for Class 1-12. Specialized IGCSE maths tuition, A-Level & Class 10 CBSE coaching in Al Majaz 3, Sharjah & online UAE.","Maths Tuition in Sharjah","ar","","","Subject tuition enquiry","/ar /sat-preparation-sharjah /language-trainings /spoken-english /spoken-arabic /french /spanish /german /ielts-course /toefl-course /pte-course /academic-excellence /maths-tuition-sharjah /science-tuition-sharjah /physics-tuition-sharjah /chemistry-tuition-sharjah /biology-tuition-sharjah /english-tuition-sharjah /courses /professional-certifications /ai-course /cybersecurity-course-sharjah /finance-courses /corporate-trainings /soft-skills-training /sales-negotiations /test-preparations /sat/diagnostic /article/digital-sat-preparation-guide-sharjah-dubai-uae /about /contact /articles /privacy-policy /terms-and-conditions /social-science-tuition-sharjah /enquiry","0","no","English body under Arabic URL; translation pending"
"/ar/physics-tuition-sharjah","generated public","Subject tuition","200 local prerender","generated HTML; deployed HTTP unverified","200","https://www.nitaqacademy.com/ar/physics-tuition-sharjah","not checked","noindex, follow","https://www.nitaqacademy.com/ar/physics-tuition-sharjah","Physics Tuition in Sharjah & Dubai | IGCSE, A-Level, IB & CBSE Class 8-12 | Nitaq UAE","Explore Physics tuition at Nitaq Academy in Al Majaz 3, Sharjah. Contact admissions about the levels and curricula currently supported.","Physics Tuition in Sharjah","ar","","","Subject tuition enquiry","/ar /sat-preparation-sharjah /language-trainings /spoken-english /spoken-arabic /french /spanish /german /ielts-course /toefl-course /pte-course /academic-excellence /maths-tuition-sharjah /science-tuition-sharjah /physics-tuition-sharjah /chemistry-tuition-sharjah /biology-tuition-sharjah /english-tuition-sharjah /courses /professional-certifications /ai-course /cybersecurity-course-sharjah /finance-courses /corporate-trainings /soft-skills-training /sales-negotiations /test-preparations /sat/diagnostic /article/digital-sat-preparation-guide-sharjah-dubai-uae /about /contact /articles /privacy-policy /terms-and-conditions /enquiry","0","no","English body under Arabic URL; translation pending"
"/ar/power-bi-excel","generated public","Other course / campaign","200 local prerender","generated HTML; deployed HTTP unverified","200","https://www.nitaqacademy.com/ar/power-bi-excel","not checked","noindex, follow","https://www.nitaqacademy.com/ar/power-bi-excel","Power BI & Excel Course Sharjah | Data Analytics Training UAE | NITAQ ACADEMY","Master Power BI and Advanced Excel at NITAQ ACADEMY Sharjah. Data visualization, dashboards, and analytics training for professionals. Online & offline batches UAE.","Power BI & Advanced Excel","ar","","","Named course or academy information","/ar /sat-preparation-sharjah /language-trainings /spoken-english /spoken-arabic /french /spanish /german /ielts-course /toefl-course /pte-course /academic-excellence /maths-tuition-sharjah /science-tuition-sharjah /physics-tuition-sharjah /chemistry-tuition-sharjah /biology-tuition-sharjah /english-tuition-sharjah /courses /professional-certifications /ai-course /cybersecurity-course-sharjah /finance-courses /corporate-trainings /soft-skills-training /sales-negotiations /test-preparations /sat/diagnostic /article/digital-sat-preparation-guide-sharjah-dubai-uae /about /contact /articles /privacy-policy /terms-and-conditions","0","no","English body under Arabic URL; translation pending"
"/ar/privacy-policy","generated public","Other course / campaign","200 local prerender","generated HTML; deployed HTTP unverified","200","https://www.nitaqacademy.com/ar/privacy-policy","not checked","noindex, follow","https://www.nitaqacademy.com/ar/privacy-policy","Privacy Policy | NITAQ ACADEMY Sharjah","Our privacy policy explains how NITAQ ACADEMY collects, uses, and protects student information in compliance with UAE data protection standards.","Privacy Policy – NITAQ ACADEMY","ar","","","Named course or academy information","/ar /sat-preparation-sharjah /language-trainings /spoken-english /spoken-arabic /french /spanish /german /ielts-course /toefl-course /pte-course /academic-excellence /maths-tuition-sharjah /science-tuition-sharjah /physics-tuition-sharjah /chemistry-tuition-sharjah /biology-tuition-sharjah /english-tuition-sharjah /courses /professional-certifications /ai-course /cybersecurity-course-sharjah /finance-courses /corporate-trainings /soft-skills-training /sales-negotiations /test-preparations /sat/diagnostic /article/digital-sat-preparation-guide-sharjah-dubai-uae /about /contact /articles /privacy-policy /terms-and-conditions","0","no","English body under Arabic URL; translation pending"
"/ar/professional-certifications","generated public","Other course / campaign","200 local prerender","generated HTML; deployed HTTP unverified","200","https://www.nitaqacademy.com/ar/professional-certifications","not checked","noindex, follow","https://www.nitaqacademy.com/ar/professional-certifications","الشهادات المهنية في الشارقة | ACCA وCMA والذكاء الاصطناعي | أكاديمية نطاق","احصل على شهادات مهنية معتمدة عالمياً في الشارقة: ACCA وCMA وCPA والذكاء الاصطناعي والتسويق الرقمي وإدارة الموارد البشرية.","Professional Certifications","ar","","","Named course or academy information","/ar /sat-preparation-sharjah /language-trainings /spoken-english /spoken-arabic /french /spanish /german /ielts-course /toefl-course /pte-course /academic-excellence /maths-tuition-sharjah /science-tuition-sharjah /physics-tuition-sharjah /chemistry-tuition-sharjah /biology-tuition-sharjah /english-tuition-sharjah /courses /professional-certifications /ai-course /cybersecurity-course-sharjah /finance-courses /corporate-trainings /soft-skills-training /sales-negotiations /test-preparations /sat/diagnostic /article/digital-sat-preparation-guide-sharjah-dubai-uae /about /contact /articles /privacy-policy /terms-and-conditions /acca-course /cma-course /cpa-course /power-bi-excel /chrm /hrm-courses /courses/professional-digital-marketing-course-sharjah-uae /uae-vat /uae-corporate-tax /professional-marketing-course /cpcd-courses /data-management /enquiry","0","no","English body under Arabic URL; translation pending"
"/ar/professional-marketing-course","generated public","Other course / campaign","200 local prerender","generated HTML; deployed HTTP unverified","200","https://www.nitaqacademy.com/ar/professional-marketing-course","not checked","noindex, follow","https://www.nitaqacademy.com/ar/professional-marketing-course","Professional Marketing Course in Sharjah | Nitaq Academy","Explore Nitaq Academy's professional marketing course in Sharjah, covering branding, strategy and customer psychology for learners and entrepreneurs.","Professional Marketing Course in Sharjah, UAE","ar","","","Named course or academy information","/ar /sat-preparation-sharjah /language-trainings /spoken-english /spoken-arabic /french /spanish /german /ielts-course /toefl-course /pte-course /academic-excellence /maths-tuition-sharjah /science-tuition-sharjah /physics-tuition-sharjah /chemistry-tuition-sharjah /biology-tuition-sharjah /english-tuition-sharjah /courses /professional-certifications /ai-course /cybersecurity-course-sharjah /finance-courses /corporate-trainings /soft-skills-training /sales-negotiations /test-preparations /sat/diagnostic /article/digital-sat-preparation-guide-sharjah-dubai-uae /about /contact /articles /privacy-policy /terms-and-conditions","0","no","English body under Arabic URL; translation pending"
"/ar/pte-course","generated public","Language / exam course","200 local prerender","generated HTML; deployed HTTP unverified","200","https://www.nitaqacademy.com/ar/pte-course","not checked","noindex, follow","https://www.nitaqacademy.com/ar/pte-course","PTE Academic Preparation Course Sharjah | PTE Coaching UAE | NITAQ ACADEMY","Score high on PTE Academic with NITAQ ACADEMY coaching in Sharjah. Comprehensive Speaking, Writing, Reading & Listening preparation. Online & offline batches. SPEA Authorized.","PTE - Pearson Test of English","ar","","","Language learning or named exam preparation","/ar /sat-preparation-sharjah /language-trainings /spoken-english /spoken-arabic /french /spanish /german /ielts-course /toefl-course /pte-course /academic-excellence /maths-tuition-sharjah /science-tuition-sharjah /physics-tuition-sharjah /chemistry-tuition-sharjah /biology-tuition-sharjah /english-tuition-sharjah /courses /professional-certifications /ai-course /cybersecurity-course-sharjah /finance-courses /corporate-trainings /soft-skills-training /sales-negotiations /test-preparations /sat/diagnostic /article/digital-sat-preparation-guide-sharjah-dubai-uae /about /contact /articles /privacy-policy /terms-and-conditions","0","no","English body under Arabic URL; translation pending"
"/ar/sales-negotiations","generated public","Other course / campaign","200 local prerender","generated HTML; deployed HTTP unverified","200","https://www.nitaqacademy.com/ar/sales-negotiations","not checked","noindex, follow","https://www.nitaqacademy.com/ar/sales-negotiations","Sales & Negotiations Training Sharjah | Business Skills UAE | NITAQ ACADEMY","Sales and negotiations training at NITAQ ACADEMY Sharjah. Master persuasion, deal-closing, and negotiation strategies for business success. Online & offline batches UAE.","Sales & Negotiations","ar","","","Named course or academy information","/ar /sat-preparation-sharjah /language-trainings /spoken-english /spoken-arabic /french /spanish /german /ielts-course /toefl-course /pte-course /academic-excellence /maths-tuition-sharjah /science-tuition-sharjah /physics-tuition-sharjah /chemistry-tuition-sharjah /biology-tuition-sharjah /english-tuition-sharjah /courses /professional-certifications /ai-course /cybersecurity-course-sharjah /finance-courses /corporate-trainings /soft-skills-training /sales-negotiations /test-preparations /sat/diagnostic /article/digital-sat-preparation-guide-sharjah-dubai-uae /about /contact /articles /privacy-policy /terms-and-conditions","0","no","English body under Arabic URL; translation pending"
"/ar/sat-diagnostic","redirect alias","Redirect alias","not prerendered","configured permanent redirect to /ar/sat/diagnostic","not checked","","not checked","redirect; not indexable","https://www.nitaqacademy.com/ar/sat/diagnostic","","","","","","","Route handling","","0","no",""
"/ar/sat-preparation","redirect alias","Redirect alias","not prerendered","configured permanent redirect to /ar/sat-preparation-sharjah","not checked","","not checked","redirect; not indexable","https://www.nitaqacademy.com/ar/sat-preparation-sharjah","","","","","","","Route handling","","0","no",""
"/ar/sat-preparation-dubai","generated public","SAT programme","200 local prerender","generated HTML; deployed HTTP unverified","200","https://www.nitaqacademy.com/ar/sat-preparation-dubai","not checked","noindex, follow","https://www.nitaqacademy.com/ar/sat-preparation-dubai","Online Digital SAT Preparation for Dubai Students | Nitaq Academy","Explore online Digital SAT preparation for Dubai residents, delivered by Nitaq Academy in Sharjah. Review the programme and speak with admissions.","Digital SAT Preparation in Dubai","ar","","","Digital SAT preparation enquiry","/ar /sat-preparation-sharjah /language-trainings /spoken-english /spoken-arabic /french /spanish /german /ielts-course /toefl-course /pte-course /academic-excellence /maths-tuition-sharjah /science-tuition-sharjah /physics-tuition-sharjah /chemistry-tuition-sharjah /biology-tuition-sharjah /english-tuition-sharjah /courses /professional-certifications /ai-course /cybersecurity-course-sharjah /finance-courses /corporate-trainings /soft-skills-training /sales-negotiations /test-preparations /sat/diagnostic /article/digital-sat-preparation-guide-sharjah-dubai-uae /about /contact /articles /privacy-policy /terms-and-conditions","0","no","English body under Arabic URL; translation pending"
"/ar/sat-preparation-sharjah","generated public","SAT programme","200 local prerender","generated HTML; deployed HTTP unverified","200","https://www.nitaqacademy.com/ar/sat-preparation-sharjah","not checked","noindex, follow","https://www.nitaqacademy.com/ar/sat-preparation-sharjah","Digital SAT Preparation in Sharjah | Nitaq Academy","Prepare for Digital SAT Reading & Writing and Mathematics at Nitaq Academy in Al Majaz 3, Sharjah. Explore the programme and free diagnostic.","Digital SAT Preparation in Sharjah","ar","","","Digital SAT preparation enquiry","/ar /sat-preparation-sharjah /language-trainings /spoken-english /spoken-arabic /french /spanish /german /ielts-course /toefl-course /pte-course /academic-excellence /maths-tuition-sharjah /science-tuition-sharjah /physics-tuition-sharjah /chemistry-tuition-sharjah /biology-tuition-sharjah /english-tuition-sharjah /courses /professional-certifications /ai-course /cybersecurity-course-sharjah /finance-courses /corporate-trainings /soft-skills-training /sales-negotiations /test-preparations /sat/diagnostic /article/digital-sat-preparation-guide-sharjah-dubai-uae /about /contact /articles /privacy-policy /terms-and-conditions","0","no","English body under Arabic URL; translation pending"
"/ar/sat/diagnostic","generated public","Other course / campaign","200 local prerender","generated HTML; deployed HTTP unverified","200","https://www.nitaqacademy.com/ar/sat/diagnostic","not checked","noindex, follow","https://www.nitaqacademy.com/ar/sat/diagnostic","Free SAT Diagnostic Assessment — NITAQ ACADEMY","Take Nitaq Academy's 24-question free Digital SAT diagnostic test to evaluate your Math and Reading & Writing readiness across all 8 SAT domains.","Free SAT Diagnostic Assessment","ar","","","Named course or academy information","/ar /sat-preparation-sharjah /language-trainings /spoken-english /spoken-arabic /french /spanish /german /ielts-course /toefl-course /pte-course /academic-excellence /maths-tuition-sharjah /science-tuition-sharjah /physics-tuition-sharjah /chemistry-tuition-sharjah /biology-tuition-sharjah /english-tuition-sharjah /courses /professional-certifications /ai-course /cybersecurity-course-sharjah /finance-courses /corporate-trainings /soft-skills-training /sales-negotiations /test-preparations /sat/diagnostic /article/digital-sat-preparation-guide-sharjah-dubai-uae /about /contact /articles /privacy-policy /terms-and-conditions","0","no","English body under Arabic URL; translation pending"
"/ar/science-tuition-sharjah","generated public","Subject tuition","200 local prerender","generated HTML; deployed HTTP unverified","200","https://www.nitaqacademy.com/ar/science-tuition-sharjah","not checked","noindex, follow","https://www.nitaqacademy.com/ar/science-tuition-sharjah","Science Tuition in Sharjah & Dubai | Physics, Chemistry, Biology Class 1-12 | Nitaq UAE","Explore science tuition in Physics, Chemistry and Biology at Nitaq Academy in Al Majaz 3, Sharjah. Ask about current subjects and levels.","Science Tuition in Sharjah","ar","","","Subject tuition enquiry","/ar /sat-preparation-sharjah /language-trainings /spoken-english /spoken-arabic /french /spanish /german /ielts-course /toefl-course /pte-course /academic-excellence /maths-tuition-sharjah /science-tuition-sharjah /physics-tuition-sharjah /chemistry-tuition-sharjah /biology-tuition-sharjah /english-tuition-sharjah /courses /professional-certifications /ai-course /cybersecurity-course-sharjah /finance-courses /corporate-trainings /soft-skills-training /sales-negotiations /test-preparations /sat/diagnostic /article/digital-sat-preparation-guide-sharjah-dubai-uae /about /contact /articles /privacy-policy /terms-and-conditions /social-science-tuition-sharjah /enquiry","0","no","English body under Arabic URL; translation pending"
"/ar/social-science-tuition-sharjah","generated public","Subject tuition","200 local prerender","generated HTML; deployed HTTP unverified","200","https://www.nitaqacademy.com/ar/social-science-tuition-sharjah","not checked","noindex, follow","https://www.nitaqacademy.com/ar/social-science-tuition-sharjah","Social Science Tuition in Sharjah & Dubai | History, Geography, Civics Class 1-12 | Nitaq UAE","Expert Social Science (SST) tuition in Sharjah, Dubai & UAE for Class 1-12. History, Geography, Civics & Economics coaching for CBSE, IGCSE & IB in Al Majaz 3, Sharjah & Online UAE.","Social Science Tuition in Sharjah","ar","","","Subject tuition enquiry","/ar /sat-preparation-sharjah /language-trainings /spoken-english /spoken-arabic /french /spanish /german /ielts-course /toefl-course /pte-course /academic-excellence /maths-tuition-sharjah /science-tuition-sharjah /physics-tuition-sharjah /chemistry-tuition-sharjah /biology-tuition-sharjah /english-tuition-sharjah /courses /professional-certifications /ai-course /cybersecurity-course-sharjah /finance-courses /corporate-trainings /soft-skills-training /sales-negotiations /test-preparations /sat/diagnostic /article/digital-sat-preparation-guide-sharjah-dubai-uae /about /contact /articles /privacy-policy /terms-and-conditions /enquiry","0","no","English body under Arabic URL; translation pending"
"/ar/soft-skills-training","generated public","Other course / campaign","200 local prerender","generated HTML; deployed HTTP unverified","200","https://www.nitaqacademy.com/ar/soft-skills-training","not checked","noindex, follow","https://www.nitaqacademy.com/ar/soft-skills-training","Soft Skills Training Sharjah | Communication & Leadership UAE | NITAQ ACADEMY","Soft skills training at NITAQ ACADEMY Sharjah. Build communication, leadership, emotional intelligience & teamwork skills for career growth. Online & offline batches UAE.","Soft Skills Training","ar","","","Named course or academy information","/ar /sat-preparation-sharjah /language-trainings /spoken-english /spoken-arabic /french /spanish /german /ielts-course /toefl-course /pte-course /academic-excellence /maths-tuition-sharjah /science-tuition-sharjah /physics-tuition-sharjah /chemistry-tuition-sharjah /biology-tuition-sharjah /english-tuition-sharjah /courses /professional-certifications /ai-course /cybersecurity-course-sharjah /finance-courses /corporate-trainings /soft-skills-training /sales-negotiations /test-preparations /sat/diagnostic /article/digital-sat-preparation-guide-sharjah-dubai-uae /about /contact /articles /privacy-policy /terms-and-conditions","0","no","English body under Arabic URL; translation pending"
"/ar/software-engineering-diploma-sharjah","generated public","Other course / campaign","200 local prerender","generated HTML; deployed HTTP unverified","200","https://www.nitaqacademy.com/ar/software-engineering-diploma-sharjah","not checked","noindex, follow","https://www.nitaqacademy.com/ar/software-engineering-diploma-sharjah","Software Engineering Diploma in Sharjah | Software Development Course UAE | Nitaq Academy","Join Nitaq Academy's Software Engineering Diploma in Sharjah. Learn programming, software development, databases, algorithms, OOP, software architecture, debugging, testing, Git, and modern software engineering practices. SPEA Certified training in UAE.","Software Engineering Diploma in Sharjah","ar","","","Named course or academy information","/ar /sat-preparation-sharjah /language-trainings /spoken-english /spoken-arabic /french /spanish /german /ielts-course /toefl-course /pte-course /academic-excellence /maths-tuition-sharjah /science-tuition-sharjah /physics-tuition-sharjah /chemistry-tuition-sharjah /biology-tuition-sharjah /english-tuition-sharjah /courses /professional-certifications /ai-course /cybersecurity-course-sharjah /finance-courses /corporate-trainings /soft-skills-training /sales-negotiations /test-preparations /sat/diagnostic /article/digital-sat-preparation-guide-sharjah-dubai-uae /about /contact /articles /privacy-policy /terms-and-conditions","0","no","English body under Arabic URL; translation pending"
"/ar/spanish","generated public","Language / exam course","200 local prerender","generated HTML; deployed HTTP unverified","200","https://www.nitaqacademy.com/ar/spanish","not checked","noindex, follow","https://www.nitaqacademy.com/ar/spanish","Spanish Language Course Sharjah | DELE Preparation UAE | NITAQ ACADEMY","Learn Spanish (A1–C2) at NITAQ ACADEMY Sharjah. DELE exam prep, immersive teaching, flexible online & offline batches. CEFR-aligned curriculum. SPEA Authorized.","Spanish Language Course","ar","","","Language learning or named exam preparation","/ar /sat-preparation-sharjah /language-trainings /spoken-english /spoken-arabic /french /spanish /german /ielts-course /toefl-course /pte-course /academic-excellence /maths-tuition-sharjah /science-tuition-sharjah /physics-tuition-sharjah /chemistry-tuition-sharjah /biology-tuition-sharjah /english-tuition-sharjah /courses /professional-certifications /ai-course /cybersecurity-course-sharjah /finance-courses /corporate-trainings /soft-skills-training /sales-negotiations /test-preparations /sat/diagnostic /article/digital-sat-preparation-guide-sharjah-dubai-uae /about /contact /articles /privacy-policy /terms-and-conditions","0","no","English body under Arabic URL; translation pending"
"/ar/spoken-arabic","generated public","Language / exam course","200 local prerender","generated HTML; deployed HTTP unverified","200","https://www.nitaqacademy.com/ar/spoken-arabic","not checked","noindex, follow","https://www.nitaqacademy.com/ar/spoken-arabic","Spoken Arabic Course Sharjah | Arabic Language Training UAE | NITAQ ACADEMY","Learn Spoken Arabic at NITAQ ACADEMY Sharjah. Conversational Arabic for UAE daily life, business & culture. Flexible online & offline batches. SPEA Authorized.","Spoken Arabic Course","ar","","","Language learning or named exam preparation","/ar /sat-preparation-sharjah /language-trainings /spoken-english /spoken-arabic /french /spanish /german /ielts-course /toefl-course /pte-course /academic-excellence /maths-tuition-sharjah /science-tuition-sharjah /physics-tuition-sharjah /chemistry-tuition-sharjah /biology-tuition-sharjah /english-tuition-sharjah /courses /professional-certifications /ai-course /cybersecurity-course-sharjah /finance-courses /corporate-trainings /soft-skills-training /sales-negotiations /test-preparations /sat/diagnostic /article/digital-sat-preparation-guide-sharjah-dubai-uae /about /contact /articles /privacy-policy /terms-and-conditions","0","no","English body under Arabic URL; translation pending"
"/ar/spoken-english","generated public","Language / exam course","200 local prerender","generated HTML; deployed HTTP unverified","200","https://www.nitaqacademy.com/ar/spoken-english","not checked","noindex, follow","https://www.nitaqacademy.com/ar/spoken-english","Spoken English Course Sharjah | English Communication Training UAE | Nitaq","Improve your Spoken English at NITAQ ACADEMY Sharjah. Build fluency, confidence & professional communication skills. Flexible online & offline English batches UAE.","Spoken English Course","ar","","","Language learning or named exam preparation","/ar /sat-preparation-sharjah /language-trainings /spoken-english /spoken-arabic /french /spanish /german /ielts-course /toefl-course /pte-course /academic-excellence /maths-tuition-sharjah /science-tuition-sharjah /physics-tuition-sharjah /chemistry-tuition-sharjah /biology-tuition-sharjah /english-tuition-sharjah /courses /professional-certifications /ai-course /cybersecurity-course-sharjah /finance-courses /corporate-trainings /soft-skills-training /sales-negotiations /test-preparations /sat/diagnostic /article/digital-sat-preparation-guide-sharjah-dubai-uae /about /contact /articles /privacy-policy /terms-and-conditions","0","no","English body under Arabic URL; translation pending"
"/ar/terms-and-conditions","generated public","Other course / campaign","200 local prerender","generated HTML; deployed HTTP unverified","200","https://www.nitaqacademy.com/ar/terms-and-conditions","not checked","noindex, follow","https://www.nitaqacademy.com/ar/terms-and-conditions","Terms & Conditions | NITAQ ACADEMY Sharjah","Read the terms and conditions for course enrollment and services at NITAQ ACADEMY, operated by Nitaq Supportive Education Services LLC.","Terms & Conditions","ar","","","Named course or academy information","/ar /sat-preparation-sharjah /language-trainings /spoken-english /spoken-arabic /french /spanish /german /ielts-course /toefl-course /pte-course /academic-excellence /maths-tuition-sharjah /science-tuition-sharjah /physics-tuition-sharjah /chemistry-tuition-sharjah /biology-tuition-sharjah /english-tuition-sharjah /courses /professional-certifications /ai-course /cybersecurity-course-sharjah /finance-courses /corporate-trainings /soft-skills-training /sales-negotiations /test-preparations /sat/diagnostic /article/digital-sat-preparation-guide-sharjah-dubai-uae /about /contact /articles /privacy-policy /terms-and-conditions","0","no","English body under Arabic URL; translation pending"
"/ar/test-preparations","generated public","Information / directory","200 local prerender","generated HTML; deployed HTTP unverified","200","https://www.nitaqacademy.com/ar/test-preparations","not checked","noindex, follow","https://www.nitaqacademy.com/ar/test-preparations","دورات التحضير للاختبارات في الشارقة | SAT وIELTS وGMAT | أكاديمية نطاق","دورات تحضيرية متخصصة لاختبارات SAT وIELTS وTOEFL وPTE وGMAT وGRE في الشارقة مع مدربين خبراء ونتائج مضمونة.","Ace Your Exams","ar","","","Named course or academy information","/ar /sat-preparation-sharjah /language-trainings /spoken-english /spoken-arabic /french /spanish /german /ielts-course /toefl-course /pte-course /academic-excellence /maths-tuition-sharjah /science-tuition-sharjah /physics-tuition-sharjah /chemistry-tuition-sharjah /biology-tuition-sharjah /english-tuition-sharjah /courses /professional-certifications /ai-course /cybersecurity-course-sharjah /finance-courses /corporate-trainings /soft-skills-training /sales-negotiations /test-preparations /sat/diagnostic /article/digital-sat-preparation-guide-sharjah-dubai-uae /about /contact /articles /privacy-policy /terms-and-conditions /foundation-jee-neet /gmat-preparation /gre-preparation /ai-robotics-kids /enquiry","0","no","English body under Arabic URL; translation pending"
"/ar/toefl-course","generated public","Language / exam course","200 local prerender","generated HTML; deployed HTTP unverified","200","https://www.nitaqacademy.com/ar/toefl-course","not checked","noindex, follow","https://www.nitaqacademy.com/ar/toefl-course","TOEFL Preparation Course Sharjah | TOEFL iBT Coaching UAE | NITAQ ACADEMY","Ace the TOEFL iBT with NITAQ ACADEMY expert coaching in Sharjah. Reading, Listening, Speaking & Writing preparation with mock tests. SPEA Authorized. Online & offline UAE.","TOEFL - Test of English as a Foreign Language","ar","","","Language learning or named exam preparation","/ar /sat-preparation-sharjah /language-trainings /spoken-english /spoken-arabic /french /spanish /german /ielts-course /toefl-course /pte-course /academic-excellence /maths-tuition-sharjah /science-tuition-sharjah /physics-tuition-sharjah /chemistry-tuition-sharjah /biology-tuition-sharjah /english-tuition-sharjah /courses /professional-certifications /ai-course /cybersecurity-course-sharjah /finance-courses /corporate-trainings /soft-skills-training /sales-negotiations /test-preparations /sat/diagnostic /article/digital-sat-preparation-guide-sharjah-dubai-uae /about /contact /articles /privacy-policy /terms-and-conditions","0","no","English body under Arabic URL; translation pending"
"/ar/uae-corporate-tax","generated public","Other course / campaign","200 local prerender","generated HTML; deployed HTTP unverified","200","https://www.nitaqacademy.com/ar/uae-corporate-tax","not checked","noindex, follow","https://www.nitaqacademy.com/ar/uae-corporate-tax","UAE Corporate Tax Course Sharjah | CT Training UAE | NITAQ ACADEMY","UAE Corporate Tax training at NITAQ ACADEMY Sharjah. Understand CT compliance, registration & filing for businesses. Practical training for finance professionals. SPEA Authorized.","UAE Corporate Tax Course","ar","","","Named course or academy information","/ar /sat-preparation-sharjah /language-trainings /spoken-english /spoken-arabic /french /spanish /german /ielts-course /toefl-course /pte-course /academic-excellence /maths-tuition-sharjah /science-tuition-sharjah /physics-tuition-sharjah /chemistry-tuition-sharjah /biology-tuition-sharjah /english-tuition-sharjah /courses /professional-certifications /ai-course /cybersecurity-course-sharjah /finance-courses /corporate-trainings /soft-skills-training /sales-negotiations /test-preparations /sat/diagnostic /article/digital-sat-preparation-guide-sharjah-dubai-uae /about /contact /articles /privacy-policy /terms-and-conditions","0","no","English body under Arabic URL; translation pending"
"/ar/uae-vat","generated public","Other course / campaign","200 local prerender","generated HTML; deployed HTTP unverified","200","https://www.nitaqacademy.com/ar/uae-vat","not checked","noindex, follow","https://www.nitaqacademy.com/ar/uae-vat","UAE VAT Course Sharjah | VAT Training & Certification UAE | NITAQ ACADEMY","UAE VAT training at NITAQ ACADEMY Sharjah. Practical VAT compliance, registration, and filing training for businesses & professionals. Online & offline batches. SPEA Authorized.","UAE VAT Course","ar","","","Named course or academy information","/ar /sat-preparation-sharjah /language-trainings /spoken-english /spoken-arabic /french /spanish /german /ielts-course /toefl-course /pte-course /academic-excellence /maths-tuition-sharjah /science-tuition-sharjah /physics-tuition-sharjah /chemistry-tuition-sharjah /biology-tuition-sharjah /english-tuition-sharjah /courses /professional-certifications /ai-course /cybersecurity-course-sharjah /finance-courses /corporate-trainings /soft-skills-training /sales-negotiations /test-preparations /sat/diagnostic /article/digital-sat-preparation-guide-sharjah-dubai-uae /about /contact /articles /privacy-policy /terms-and-conditions","0","no","English body under Arabic URL; translation pending"
"/ar/verify","generated utility","Private / utility","200 local prerender","generated HTML; deployed HTTP unverified","200","https://www.nitaqacademy.com/ar/verify","not checked","noindex, follow","https://www.nitaqacademy.com/ar/verify","Nitaq Academy | Education and Training in Sharjah","Explore education and training programmes at Nitaq Academy in Al Majaz 3, Sharjah.","Verify Certificate Authenticity","ar","","","Task completion; not organic acquisition","/ar /sat-preparation-sharjah /language-trainings /spoken-english /spoken-arabic /french /spanish /german /ielts-course /toefl-course /pte-course /academic-excellence /maths-tuition-sharjah /science-tuition-sharjah /physics-tuition-sharjah /chemistry-tuition-sharjah /biology-tuition-sharjah /english-tuition-sharjah /courses /professional-certifications /ai-course /cybersecurity-course-sharjah /finance-courses /corporate-trainings /soft-skills-training /sales-negotiations /test-preparations /sat/diagnostic /article/digital-sat-preparation-guide-sharjah-dubai-uae /about /contact /articles /privacy-policy /terms-and-conditions","0","no","English body under Arabic URL; translation pending"
"/ar/verify-certificate","generated utility","Private / utility","200 local prerender","generated HTML; deployed HTTP unverified","200","https://www.nitaqacademy.com/ar/verify-certificate","not checked","noindex, follow","https://www.nitaqacademy.com/ar/verify-certificate","Nitaq Academy | Education and Training in Sharjah","Explore education and training programmes at Nitaq Academy in Al Majaz 3, Sharjah.","Verify Certificate Authenticity","ar","","","Task completion; not organic acquisition","/ar /sat-preparation-sharjah /language-trainings /spoken-english /spoken-arabic /french /spanish /german /ielts-course /toefl-course /pte-course /academic-excellence /maths-tuition-sharjah /science-tuition-sharjah /physics-tuition-sharjah /chemistry-tuition-sharjah /biology-tuition-sharjah /english-tuition-sharjah /courses /professional-certifications /ai-course /cybersecurity-course-sharjah /finance-courses /corporate-trainings /soft-skills-training /sales-negotiations /test-preparations /sat/diagnostic /article/digital-sat-preparation-guide-sharjah-dubai-uae /about /contact /articles /privacy-policy /terms-and-conditions","0","no","English body under Arabic URL; translation pending"
"/ar/verify-certificate/:certId*","dynamic route pattern","Dynamic route","not prerendered","configured rewrite to /ar/verify-certificate","not checked","","not checked","utility; verify access control","","","","","","","","Route handling","","0","no",""
"/ar/verify/:certId*","dynamic route pattern","Dynamic route","not prerendered","configured rewrite to /ar/verify","not checked","","not checked","utility; verify access control","","","","","","","","Route handling","","0","no",""
"/ar/webinar/ai","generated public","Other course / campaign","200 local prerender","generated HTML; deployed HTTP unverified","200","https://www.nitaqacademy.com/ar/webinar/ai","not checked","noindex, follow","https://www.nitaqacademy.com/ar/webinar/ai","Free AI Webinar — Improve Business Efficiency | NITAQ ACADEMY","Join NITAQ ACADEMY's free live webinar Sunday and learn how to use AI to automate workflows, reduce costs, and boost productivity.","How to Use AI to Improve Business Efficiency & Reduce Costs","ar","","","Named course or academy information","/ar /sat-preparation-sharjah /language-trainings /spoken-english /spoken-arabic /french /spanish /german /ielts-course /toefl-course /pte-course /academic-excellence /maths-tuition-sharjah /science-tuition-sharjah /physics-tuition-sharjah /chemistry-tuition-sharjah /biology-tuition-sharjah /english-tuition-sharjah /courses /professional-certifications /ai-course /cybersecurity-course-sharjah /finance-courses /corporate-trainings /soft-skills-training /sales-negotiations /test-preparations /sat/diagnostic /article/digital-sat-preparation-guide-sharjah-dubai-uae /about /contact /articles /privacy-policy /terms-and-conditions","0","no","English body under Arabic URL; translation pending; campaign date and current availability need review"
"/ar/webinar/ai/thank-you","generated utility","Private / utility","200 local prerender","generated HTML; deployed HTTP unverified","200","https://www.nitaqacademy.com/ar/webinar/ai/thank-you","not checked","noindex, follow","https://www.nitaqacademy.com/ar/webinar/ai/thank-you","You're Registered | AI Business Webinar | NITAQ ACADEMY","Your seat for the NITAQ ACADEMY AI webinar is confirmed. Check your email for joining details.","You're in, there !","ar","","","Task completion; not organic acquisition","/ar /sat-preparation-sharjah /language-trainings /spoken-english /spoken-arabic /french /spanish /german /ielts-course /toefl-course /pte-course /academic-excellence /maths-tuition-sharjah /science-tuition-sharjah /physics-tuition-sharjah /chemistry-tuition-sharjah /biology-tuition-sharjah /english-tuition-sharjah /courses /professional-certifications /ai-course /cybersecurity-course-sharjah /finance-courses /corporate-trainings /soft-skills-training /sales-negotiations /test-preparations /sat/diagnostic /article/digital-sat-preparation-guide-sharjah-dubai-uae /about /contact /articles /privacy-policy /terms-and-conditions","0","no","English body under Arabic URL; translation pending; campaign date and current availability need review"
"/ar/webinar/counselors","generated public","Other course / campaign","200 local prerender","generated HTML; deployed HTTP unverified","200","https://www.nitaqacademy.com/ar/webinar/counselors","not checked","noindex, follow","https://www.nitaqacademy.com/ar/webinar/counselors","Counselors Orientation | Growth Opportunities | NITAQ ACADEMY","Exclusive orientation for school counselors to explore growth opportunities and student impact. Join NITAQ ACADEMY on April 15.","Exclusive Orientation For School Counselors","ar","","","Named course or academy information","/ar /sat-preparation-sharjah /language-trainings /spoken-english /spoken-arabic /french /spanish /german /ielts-course /toefl-course /pte-course /academic-excellence /maths-tuition-sharjah /science-tuition-sharjah /physics-tuition-sharjah /chemistry-tuition-sharjah /biology-tuition-sharjah /english-tuition-sharjah /courses /professional-certifications /ai-course /cybersecurity-course-sharjah /finance-courses /corporate-trainings /soft-skills-training /sales-negotiations /test-preparations /sat/diagnostic /article/digital-sat-preparation-guide-sharjah-dubai-uae /about /contact /articles /privacy-policy /terms-and-conditions","0","no","English body under Arabic URL; translation pending; campaign date and current availability need review"
"/ar/webinar/counselors/thank-you","generated utility","Private / utility","200 local prerender","generated HTML; deployed HTTP unverified","200","https://www.nitaqacademy.com/ar/webinar/counselors/thank-you","not checked","noindex, follow","https://www.nitaqacademy.com/ar/webinar/counselors/thank-you","Reservation Confirmed | Counselors Orientation | NITAQ ACADEMY","Your registration for the NITAQ ACADEMY counselors orientation is confirmed. Check your email for details.","Thank you, there !","ar","","","Task completion; not organic acquisition","/ar /sat-preparation-sharjah /language-trainings /spoken-english /spoken-arabic /french /spanish /german /ielts-course /toefl-course /pte-course /academic-excellence /maths-tuition-sharjah /science-tuition-sharjah /physics-tuition-sharjah /chemistry-tuition-sharjah /biology-tuition-sharjah /english-tuition-sharjah /courses /professional-certifications /ai-course /cybersecurity-course-sharjah /finance-courses /corporate-trainings /soft-skills-training /sales-negotiations /test-preparations /sat/diagnostic /article/digital-sat-preparation-guide-sharjah-dubai-uae /about /contact /articles /privacy-policy /terms-and-conditions","0","no","English body under Arabic URL; translation pending; campaign date and current availability need review"
"/article/academic-excellence-tuition-dubai-sharjah-uae","generated public","Article","200 local prerender","generated HTML; deployed HTTP unverified","200","https://www.nitaqacademy.com/article/academic-excellence-tuition-dubai-sharjah-uae","not checked","index, follow","https://www.nitaqacademy.com/article/academic-excellence-tuition-dubai-sharjah-uae","Academic Tutors & School Tuition in UAE: Dubai & Sharjah Guide","Ultimate guide to academic tuition in UAE. Find top Arabic Tutors Dubai, English Tuition Sharjah, Maths Tuition UAE, Science Tutors Dubai, Physics Chemistry Biology Tuition Sharjah & online classes.","Top Academic Tutors & School Tuition in Dubai & Sharjah, UAE: The Complete Guide to Maths, Science, English & Arabic Excellence","en","","EducationalOrganization LocalBusiness ImageObject PostalAddress City WebSite WebPage","Informational search","/ /sat-preparation-sharjah /language-trainings /spoken-english /spoken-arabic /french /spanish /german /ielts-course /toefl-course /pte-course /academic-excellence /maths-tuition-sharjah /science-tuition-sharjah /physics-tuition-sharjah /chemistry-tuition-sharjah /biology-tuition-sharjah /english-tuition-sharjah /courses /professional-certifications /ai-course /cybersecurity-course-sharjah /finance-courses /corporate-trainings /soft-skills-training /sales-negotiations /test-preparations /sat/diagnostic /article/digital-sat-preparation-guide-sharjah-dubai-uae /about /contact /articles /privacy-policy /terms-and-conditions /foundation-jee-neet","2","yes",""
"/article/acca-coaching-uae-benefits","generated public","Article","200 local prerender","generated HTML; deployed HTTP unverified","200","https://www.nitaqacademy.com/article/acca-coaching-uae-benefits","not checked","index, follow","https://www.nitaqacademy.com/article/acca-coaching-uae-benefits","ACCA Coaching in UAE: Career Opportunities & Benefits | NITAQ ACADEMY","Unlock your potential in finance with ACCA coaching in UAE. Learn about exam benefits, career paths in Dubai/Sharjah, and how to become a certified accountant.","ACCA Coaching in UAE: Career Opportunities and Benefits","en","","EducationalOrganization LocalBusiness ImageObject PostalAddress City WebSite WebPage","Informational search","/ /sat-preparation-sharjah /language-trainings /spoken-english /spoken-arabic /french /spanish /german /ielts-course /toefl-course /pte-course /academic-excellence /maths-tuition-sharjah /science-tuition-sharjah /physics-tuition-sharjah /chemistry-tuition-sharjah /biology-tuition-sharjah /english-tuition-sharjah /courses /professional-certifications /ai-course /cybersecurity-course-sharjah /finance-courses /corporate-trainings /soft-skills-training /sales-negotiations /test-preparations /sat/diagnostic /article/digital-sat-preparation-guide-sharjah-dubai-uae /about /contact /articles /privacy-policy /terms-and-conditions /acca-course","0","yes","no incoming local link"
"/article/ai-courses-sharjah-essential","generated public","Article","200 local prerender","generated HTML; deployed HTTP unverified","200","https://www.nitaqacademy.com/article/ai-courses-sharjah-essential","not checked","index, follow","https://www.nitaqacademy.com/article/ai-courses-sharjah-essential","AI Courses in Sharjah: Why Learning AI Is Essential in 2026 | NITAQ ACADEMY","Discover why AI literacy is the most critical skill for 2026. Learn about the best AI courses in Sharjah and how Artificial Intelligence is transforming the UAE job market.","AI Courses in Sharjah: Why Learning AI Is Essential in 2026","en","","EducationalOrganization LocalBusiness ImageObject PostalAddress City WebSite WebPage","Informational search","/ /sat-preparation-sharjah /language-trainings /spoken-english /spoken-arabic /french /spanish /german /ielts-course /toefl-course /pte-course /academic-excellence /maths-tuition-sharjah /science-tuition-sharjah /physics-tuition-sharjah /chemistry-tuition-sharjah /biology-tuition-sharjah /english-tuition-sharjah /courses /professional-certifications /ai-course /cybersecurity-course-sharjah /finance-courses /corporate-trainings /soft-skills-training /sales-negotiations /test-preparations /sat/diagnostic /article/digital-sat-preparation-guide-sharjah-dubai-uae /about /contact /articles /privacy-policy /terms-and-conditions /professional-marketing-course /hrm-courses","0","yes","no incoming local link"
"/article/ai-skills-every-student-needs","generated public","Article","200 local prerender","generated HTML; deployed HTTP unverified","200","https://www.nitaqacademy.com/article/ai-skills-every-student-needs","not checked","index, follow","https://www.nitaqacademy.com/article/ai-skills-every-student-needs","AI Skills Every Student Needs in 2026 | Nitaq Academy","Explore the essential AI skills every student in Dubai and Sharjah needs to succeed in academics and future careers. Learn prompt engineering, ethical AI, and more.","AI Skills Every Student Needs: Preparing for the Future of Work and Education","en","","EducationalOrganization LocalBusiness ImageObject PostalAddress City WebSite WebPage","Informational search","/ /sat-preparation-sharjah /language-trainings /spoken-english /spoken-arabic /french /spanish /german /ielts-course /toefl-course /pte-course /academic-excellence /maths-tuition-sharjah /science-tuition-sharjah /physics-tuition-sharjah /chemistry-tuition-sharjah /biology-tuition-sharjah /english-tuition-sharjah /courses /professional-certifications /ai-course /cybersecurity-course-sharjah /finance-courses /corporate-trainings /soft-skills-training /sales-negotiations /test-preparations /sat/diagnostic /article/digital-sat-preparation-guide-sharjah-dubai-uae /about /contact /articles /privacy-policy /terms-and-conditions /article/best-ai-courses-dubai /article/top-skills-uae-2026 /article/digital-marketing-salary-increase-uae","0","yes","no incoming local link"
"/article/best-ai-courses-dubai","generated public","Article","200 local prerender","generated HTML; deployed HTTP unverified","200","https://www.nitaqacademy.com/article/best-ai-courses-dubai","not checked","index, follow","https://www.nitaqacademy.com/article/best-ai-courses-dubai","Best AI Course Dubai: Master Artificial Intelligence in 2026 | NITAQ ACADEMY","Discover the best AI course Dubai offers at NITAQ ACADEMY. Master prompt engineering, Generative AI, and automation in our expert-led tech programs.","Best AI Courses in Dubai: Mastering the Future of Innovation","en","","EducationalOrganization LocalBusiness ImageObject PostalAddress City WebSite WebPage","Informational search","/ /sat-preparation-sharjah /language-trainings /spoken-english /spoken-arabic /french /spanish /german /ielts-course /toefl-course /pte-course /academic-excellence /maths-tuition-sharjah /science-tuition-sharjah /physics-tuition-sharjah /chemistry-tuition-sharjah /biology-tuition-sharjah /english-tuition-sharjah /courses /professional-certifications /ai-course /cybersecurity-course-sharjah /finance-courses /corporate-trainings /soft-skills-training /sales-negotiations /test-preparations /sat/diagnostic /article/digital-sat-preparation-guide-sharjah-dubai-uae /about /contact /articles /privacy-policy /terms-and-conditions","2","yes",""
"/article/best-digital-marketing-course-uae","generated public","Article","200 local prerender","generated HTML; deployed HTTP unverified","200","https://www.nitaqacademy.com/article/best-digital-marketing-course-uae","not checked","index, follow","https://www.nitaqacademy.com/article/best-digital-marketing-course-uae","Best Digital Marketing Course in UAE: How to Choose the Right Training Institute","Looking for the best digital marketing course in Sharjah, Dubai, or the UAE? Learn how to choose the right institute covering SEO, Google Ads, and more.","Best Digital Marketing Course in UAE: How to Choose the Right Training Institute","en","","EducationalOrganization LocalBusiness ImageObject PostalAddress City WebSite WebPage","Informational search","/ /sat-preparation-sharjah /language-trainings /spoken-english /spoken-arabic /french /spanish /german /ielts-course /toefl-course /pte-course /academic-excellence /maths-tuition-sharjah /science-tuition-sharjah /physics-tuition-sharjah /chemistry-tuition-sharjah /biology-tuition-sharjah /english-tuition-sharjah /courses /professional-certifications /ai-course /cybersecurity-course-sharjah /finance-courses /corporate-trainings /soft-skills-training /sales-negotiations /test-preparations /sat/diagnostic /article/digital-sat-preparation-guide-sharjah-dubai-uae /about /contact /articles /privacy-policy /terms-and-conditions /courses/professional-digital-marketing-course-sharjah-uae","2","yes",""
"/article/best-professional-certifications-uae","generated public","Article","200 local prerender","generated HTML; deployed HTTP unverified","200","https://www.nitaqacademy.com/article/best-professional-certifications-uae","not checked","index, follow","https://www.nitaqacademy.com/article/best-professional-certifications-uae","Best Professional Certifications UAE for Career Growth | NITAQ ACADEMY","Discover the best professional certifications UAE and Sharjah offers. Accelerate your career with ACCA, HR, AI, and Tax certifications at NITAQ ACADEMY.","Best Professional Certifications UAE: Accelerating Your Career Growth in 2026","en","","EducationalOrganization LocalBusiness ImageObject PostalAddress City WebSite WebPage","Informational search","/ /sat-preparation-sharjah /language-trainings /spoken-english /spoken-arabic /french /spanish /german /ielts-course /toefl-course /pte-course /academic-excellence /maths-tuition-sharjah /science-tuition-sharjah /physics-tuition-sharjah /chemistry-tuition-sharjah /biology-tuition-sharjah /english-tuition-sharjah /courses /professional-certifications /ai-course /cybersecurity-course-sharjah /finance-courses /corporate-trainings /soft-skills-training /sales-negotiations /test-preparations /sat/diagnostic /article/digital-sat-preparation-guide-sharjah-dubai-uae /about /contact /articles /privacy-policy /terms-and-conditions /acca-course /chrm /uae-corporate-tax /cma-course /cpa-course /hrm-courses /professional-marketing-course /cpcd-courses /data-management","0","yes","no incoming local link"
"/article/best-training-institute-sharjah","generated public","Article","200 local prerender","generated HTML; deployed HTTP unverified","200","https://www.nitaqacademy.com/article/best-training-institute-sharjah","not checked","index, follow","https://www.nitaqacademy.com/article/best-training-institute-sharjah","Best Training Institute in Sharjah for Career & Academic Success | NITAQ ACADEMY","Explore considerations when choosing a training institute in Sharjah and learn about SAT, IELTS and professional courses at Nitaq Academy.","Best Training Institute in Sharjah for Career and Academic Success","en","","EducationalOrganization LocalBusiness ImageObject PostalAddress City WebSite WebPage","Informational search","/ /sat-preparation-sharjah /language-trainings /spoken-english /spoken-arabic /french /spanish /german /ielts-course /toefl-course /pte-course /academic-excellence /maths-tuition-sharjah /science-tuition-sharjah /physics-tuition-sharjah /chemistry-tuition-sharjah /biology-tuition-sharjah /english-tuition-sharjah /courses /professional-certifications /ai-course /cybersecurity-course-sharjah /finance-courses /corporate-trainings /soft-skills-training /sales-negotiations /test-preparations /sat/diagnostic /article/digital-sat-preparation-guide-sharjah-dubai-uae /about /contact /articles /privacy-policy /terms-and-conditions /acca-course","0","yes","no incoming local link"
"/article/best-tuition-classes-near-me-sharjah","generated public","Article","200 local prerender","generated HTML; deployed HTTP unverified","200","https://www.nitaqacademy.com/article/best-tuition-classes-near-me-sharjah","not checked","index, follow","https://www.nitaqacademy.com/article/best-tuition-classes-near-me-sharjah","Best Tuition Classes Near Me in Sharjah (2026): Top Coaching Centers in Al Majaz, Al Nahda, Muwaileh | Nitaq Academy","Looking for the best tuition classes near me in Sharjah? Complete guide to top school tuition in Al Majaz, Al Nahda, Muwaileh, Al Qasimia, Al Taawun & Al Khan. Expert tutors for CBSE, IGCSE, IB & American curricula.","Best Tuition Classes Near Me in Sharjah (2026): The Complete Neighborhood Guide to Top Coaching Centers","en","","EducationalOrganization LocalBusiness ImageObject PostalAddress City WebSite WebPage","Informational search","/ /sat-preparation-sharjah /language-trainings /spoken-english /spoken-arabic /french /spanish /german /ielts-course /toefl-course /pte-course /academic-excellence /maths-tuition-sharjah /science-tuition-sharjah /physics-tuition-sharjah /chemistry-tuition-sharjah /biology-tuition-sharjah /english-tuition-sharjah /courses /professional-certifications /ai-course /cybersecurity-course-sharjah /finance-courses /corporate-trainings /soft-skills-training /sales-negotiations /test-preparations /sat/diagnostic /article/digital-sat-preparation-guide-sharjah-dubai-uae /about /contact /articles /privacy-policy /terms-and-conditions /accountancy-tuition-sharjah /enrolment.html /economics-tuition-sharjah","2","yes",""
"/article/best-tuition-classes-sharjah-dubai-guide","generated public","Article","200 local prerender","generated HTML; deployed HTTP unverified","200","https://www.nitaqacademy.com/article/best-tuition-classes-sharjah-dubai-guide","not checked","index, follow","https://www.nitaqacademy.com/article/best-tuition-classes-sharjah-dubai-guide","Best Tuition Classes in Sharjah & Dubai: IGCSE, CBSE & IB Guide","Discover how to choose the best tuition classes in Sharjah & Dubai for IGCSE, CBSE, and IB boards. Expert Maths, Science, English & Arabic tutoring at Nitaq Academy.","How to Choose the Best Tuition Classes in Sharjah & Dubai: A Parent's Guide to IGCSE, CBSE & IB Success","en","","EducationalOrganization LocalBusiness ImageObject PostalAddress City WebSite WebPage","Informational search","/ /sat-preparation-sharjah /language-trainings /spoken-english /spoken-arabic /french /spanish /german /ielts-course /toefl-course /pte-course /academic-excellence /maths-tuition-sharjah /science-tuition-sharjah /physics-tuition-sharjah /chemistry-tuition-sharjah /biology-tuition-sharjah /english-tuition-sharjah /courses /professional-certifications /ai-course /cybersecurity-course-sharjah /finance-courses /corporate-trainings /soft-skills-training /sales-negotiations /test-preparations /sat/diagnostic /article/digital-sat-preparation-guide-sharjah-dubai-uae /about /contact /articles /privacy-policy /terms-and-conditions /foundation-jee-neet","2","yes",""
"/article/choose-right-course-uae","generated public","Article","200 local prerender","generated HTML; deployed HTTP unverified","200","https://www.nitaqacademy.com/article/choose-right-course-uae","not checked","index, follow","https://www.nitaqacademy.com/article/choose-right-course-uae","How to Choose the Right Course in UAE for Your Career Goals | NITAQ ACADEMY","Unsure which professional course to take? Use our expert guide to align your skills with the UAE job market and choose the right certification for career success.","How to Choose the Right Course in UAE for Your Career Goals","en","","EducationalOrganization LocalBusiness ImageObject PostalAddress City WebSite WebPage","Informational search","/ /sat-preparation-sharjah /language-trainings /spoken-english /spoken-arabic /french /spanish /german /ielts-course /toefl-course /pte-course /academic-excellence /maths-tuition-sharjah /science-tuition-sharjah /physics-tuition-sharjah /chemistry-tuition-sharjah /biology-tuition-sharjah /english-tuition-sharjah /courses /professional-certifications /ai-course /cybersecurity-course-sharjah /finance-courses /corporate-trainings /soft-skills-training /sales-negotiations /test-preparations /sat/diagnostic /article/digital-sat-preparation-guide-sharjah-dubai-uae /about /contact /articles /privacy-policy /terms-and-conditions /uae-corporate-tax /data-management","0","yes","no incoming local link"
"/article/common-sat-mistakes","generated public","Article","200 local prerender","generated HTML; deployed HTTP unverified","200","https://www.nitaqacademy.com/article/common-sat-mistakes","not checked","index, follow","https://www.nitaqacademy.com/article/common-sat-mistakes","Common SAT Mistakes Students in UAE Make & How to Avoid Them | NITAQ ACADEMY","Identify and avoid the most common SAT mistakes made by students in Sharjah and Dubai. Expert tips to improve your digital SAT performance.","Common SAT Mistakes Students in UAE Make and How to Avoid Them","en","","EducationalOrganization LocalBusiness ImageObject PostalAddress City WebSite WebPage","Informational search","/ /sat-preparation-sharjah /language-trainings /spoken-english /spoken-arabic /french /spanish /german /ielts-course /toefl-course /pte-course /academic-excellence /maths-tuition-sharjah /science-tuition-sharjah /physics-tuition-sharjah /chemistry-tuition-sharjah /biology-tuition-sharjah /english-tuition-sharjah /courses /professional-certifications /ai-course /cybersecurity-course-sharjah /finance-courses /corporate-trainings /soft-skills-training /sales-negotiations /test-preparations /sat/diagnostic /article/digital-sat-preparation-guide-sharjah-dubai-uae /about /contact /articles /privacy-policy /terms-and-conditions","2","yes",""
"/article/complete-guide-best-tuition-classes-dubai-sharjah-uae","generated public","Article","200 local prerender","generated HTML; deployed HTTP unverified","200","https://www.nitaqacademy.com/article/complete-guide-best-tuition-classes-dubai-sharjah-uae","not checked","index, follow","https://www.nitaqacademy.com/article/complete-guide-best-tuition-classes-dubai-sharjah-uae","Best Tuition Classes in Dubai & Sharjah: Ultimate UAE Guide | NITAQ","Find the best tuition classes in Dubai, Sharjah & UAE. Complete 2026 guide for IGCSE, A Levels, IB, CBSE, Maths, Science & Arabic tutors. Book a trial today.","The Complete Guide to Finding the Best Tuition Classes in Dubai, Sharjah & UAE","en","","EducationalOrganization LocalBusiness ImageObject PostalAddress City WebSite WebPage Article Organization","Informational search","/ /sat-preparation-sharjah /language-trainings /spoken-english /spoken-arabic /french /spanish /german /ielts-course /toefl-course /pte-course /academic-excellence /maths-tuition-sharjah /science-tuition-sharjah /physics-tuition-sharjah /chemistry-tuition-sharjah /biology-tuition-sharjah /english-tuition-sharjah /courses /professional-certifications /ai-course /cybersecurity-course-sharjah /finance-courses /corporate-trainings /soft-skills-training /sales-negotiations /test-preparations /sat/diagnostic /article/digital-sat-preparation-guide-sharjah-dubai-uae /about /contact /articles /privacy-policy /terms-and-conditions","2","yes",""
"/article/comprehensive-subject-tuition-guide-sharjah-dubai-uae","generated public","Article","200 local prerender","generated HTML; deployed HTTP unverified","200","https://www.nitaqacademy.com/article/comprehensive-subject-tuition-guide-sharjah-dubai-uae","not checked","index, follow","https://www.nitaqacademy.com/article/comprehensive-subject-tuition-guide-sharjah-dubai-uae","UAE Subject Tuition Master Guide: Maths, Physics, Chemistry, Biology, Business, Accounts & Economics","Comprehensive guide to school subject tuition in Sharjah & Dubai. Explore expert coaching for Maths, Physics, Chemistry, Biology, Business Studies, Accountancy, and Economics across IGCSE, CBSE, A-Level & IB.","The Complete UAE Subject Tuition Guide: Mastering Mathematics, Sciences, Commerce & Humanities in Sharjah & Dubai","en","","EducationalOrganization LocalBusiness ImageObject PostalAddress City WebSite WebPage","Informational search","/ /sat-preparation-sharjah /language-trainings /spoken-english /spoken-arabic /french /spanish /german /ielts-course /toefl-course /pte-course /academic-excellence /maths-tuition-sharjah /science-tuition-sharjah /physics-tuition-sharjah /chemistry-tuition-sharjah /biology-tuition-sharjah /english-tuition-sharjah /courses /professional-certifications /ai-course /cybersecurity-course-sharjah /finance-courses /corporate-trainings /soft-skills-training /sales-negotiations /test-preparations /sat/diagnostic /article/digital-sat-preparation-guide-sharjah-dubai-uae /about /contact /articles /privacy-policy /terms-and-conditions /business-studies-tuition-sharjah /accountancy-tuition-sharjah /economics-tuition-sharjah /social-science-tuition-sharjah /enquiry","2","yes",""
"/article/digital-marketing-salary-increase-uae","generated public","Article","200 local prerender","generated HTML; deployed HTTP unverified","200","https://www.nitaqacademy.com/article/digital-marketing-salary-increase-uae","not checked","index, follow","https://www.nitaqacademy.com/article/digital-marketing-salary-increase-uae","How Digital Marketing Can Increase Your Salary | Nitaq Academy","Discover how a Digital Marketing course in Dubai, Sharjah, and the UAE can boost your salary and career growth. Learn high-demand skills today.","How Digital Marketing Can Increase Your Salary: A Guide for Professionals in UAE","en","","EducationalOrganization LocalBusiness ImageObject PostalAddress City WebSite WebPage","Informational search","/ /sat-preparation-sharjah /language-trainings /spoken-english /spoken-arabic /french /spanish /german /ielts-course /toefl-course /pte-course /academic-excellence /maths-tuition-sharjah /science-tuition-sharjah /physics-tuition-sharjah /chemistry-tuition-sharjah /biology-tuition-sharjah /english-tuition-sharjah /courses /professional-certifications /ai-course /cybersecurity-course-sharjah /finance-courses /corporate-trainings /soft-skills-training /sales-negotiations /test-preparations /sat/diagnostic /article/digital-sat-preparation-guide-sharjah-dubai-uae /about /contact /articles /privacy-policy /terms-and-conditions /professional-marketing-course","4","yes",""
"/article/digital-marketing-seo-guide-uae","generated public","Article","200 local prerender","generated HTML; deployed HTTP unverified","200","https://www.nitaqacademy.com/article/digital-marketing-seo-guide-uae","not checked","index, follow","https://www.nitaqacademy.com/article/digital-marketing-seo-guide-uae","Master Digital Marketing in Dubai & Sharjah | SEO & Ads Guide","The ultimate guide to mastering digital marketing in Dubai and Sharjah. Learn SEO, Google Ads, and Meta Ads to boost your career in the UAE.","The Ultimate Guide to Mastering Digital Marketing in Dubai & Sharjah","en","","EducationalOrganization LocalBusiness ImageObject PostalAddress City WebSite WebPage","Informational search","/ /sat-preparation-sharjah /language-trainings /spoken-english /spoken-arabic /french /spanish /german /ielts-course /toefl-course /pte-course /academic-excellence /maths-tuition-sharjah /science-tuition-sharjah /physics-tuition-sharjah /chemistry-tuition-sharjah /biology-tuition-sharjah /english-tuition-sharjah /courses /professional-certifications /ai-course /cybersecurity-course-sharjah /finance-courses /corporate-trainings /soft-skills-training /sales-negotiations /test-preparations /sat/diagnostic /article/digital-sat-preparation-guide-sharjah-dubai-uae /about /contact /articles /privacy-policy /terms-and-conditions /courses/professional-digital-marketing-course-sharjah-uae","2","yes",""
"/article/digital-sat-preparation-guide-sharjah-dubai-uae","generated public","Article","200 local prerender","generated HTML; deployed HTTP unverified","200","https://www.nitaqacademy.com/article/digital-sat-preparation-guide-sharjah-dubai-uae","not checked","index, follow","https://www.nitaqacademy.com/article/digital-sat-preparation-guide-sharjah-dubai-uae","Digital SAT Preparation Guide: Score 1500+ in Sharjah & Dubai (2026) | Nitaq Academy","Complete guide to Digital SAT preparation in Sharjah, Dubai & UAE. Master Math with Desmos, Reading & Writing adaptive modules, official study plans, and score 1500+.","Digital SAT Preparation in Sharjah & Dubai: The Ultimate Roadmap to Scoring 1500+ in 2026","en","","EducationalOrganization LocalBusiness ImageObject PostalAddress City WebSite WebPage","Informational search","/ /sat-preparation-sharjah /language-trainings /spoken-english /spoken-arabic /french /spanish /german /ielts-course /toefl-course /pte-course /academic-excellence /maths-tuition-sharjah /science-tuition-sharjah /physics-tuition-sharjah /chemistry-tuition-sharjah /biology-tuition-sharjah /english-tuition-sharjah /courses /professional-certifications /ai-course /cybersecurity-course-sharjah /finance-courses /corporate-trainings /soft-skills-training /sales-negotiations /test-preparations /sat/diagnostic /article/digital-sat-preparation-guide-sharjah-dubai-uae /about /contact /articles /privacy-policy /terms-and-conditions /enrolment.html /article/sat-score-1300-guide /article/common-sat-mistakes /article/sat-vs-ielts-guide /sat-preparation-dubai","186","yes",""
"/article/free-digital-sat-diagnostic-assessment-guide","generated public","Article","200 local prerender","generated HTML; deployed HTTP unverified","200","https://www.nitaqacademy.com/article/free-digital-sat-diagnostic-assessment-guide","not checked","index, follow","https://www.nitaqacademy.com/article/free-digital-sat-diagnostic-assessment-guide","Free Digital SAT Diagnostic Assessment & Self-Evaluation Guide (2026) | Nitaq Academy","Take Nitaq Academy's free Digital SAT diagnostic test with 24 adaptive questions, instant domain performance analytics, score prediction, and step-by-step answer explanations.","Free Digital SAT Diagnostic Assessment & Self-Evaluation Guide (2026): Master the Adaptive Test & Predict Your Score","en","","EducationalOrganization LocalBusiness ImageObject PostalAddress City WebSite WebPage FAQPage Question Answer","Informational search","/ /sat-preparation-sharjah /language-trainings /spoken-english /spoken-arabic /french /spanish /german /ielts-course /toefl-course /pte-course /academic-excellence /maths-tuition-sharjah /science-tuition-sharjah /physics-tuition-sharjah /chemistry-tuition-sharjah /biology-tuition-sharjah /english-tuition-sharjah /courses /professional-certifications /ai-course /cybersecurity-course-sharjah /finance-courses /corporate-trainings /soft-skills-training /sales-negotiations /test-preparations /sat/diagnostic /article/digital-sat-preparation-guide-sharjah-dubai-uae /about /contact /articles /privacy-policy /terms-and-conditions","2","yes",""
"/article/how-to-choose-best-digital-marketing-institute-sharjah-dubai-uae","generated public","Article","200 local prerender","generated HTML; deployed HTTP unverified","200","https://www.nitaqacademy.com/article/how-to-choose-best-digital-marketing-institute-sharjah-dubai-uae","not checked","index, follow","https://www.nitaqacademy.com/article/how-to-choose-best-digital-marketing-institute-sharjah-dubai-uae","Best Digital Marketing Institute in Sharjah, Dubai & UAE","Learn how to choose the best digital marketing institute in Sharjah, Dubai and the UAE. Compare SEO, Google Ads, Meta Ads, social media and AI marketing training.","How to Choose the Best Digital Marketing Institute in Sharjah, Dubai and the UAE","en","","EducationalOrganization LocalBusiness ImageObject PostalAddress City WebSite WebPage","Informational search","/ /sat-preparation-sharjah /language-trainings /spoken-english /spoken-arabic /french /spanish /german /ielts-course /toefl-course /pte-course /academic-excellence /maths-tuition-sharjah /science-tuition-sharjah /physics-tuition-sharjah /chemistry-tuition-sharjah /biology-tuition-sharjah /english-tuition-sharjah /courses /professional-certifications /ai-course /cybersecurity-course-sharjah /finance-courses /corporate-trainings /soft-skills-training /sales-negotiations /test-preparations /sat/diagnostic /article/digital-sat-preparation-guide-sharjah-dubai-uae /about /contact /articles /privacy-policy /terms-and-conditions /courses/professional-digital-marketing-course-sharjah-uae /article/digital-marketing-seo-guide-uae /article/best-digital-marketing-course-uae /article/digital-marketing-salary-increase-uae","2","yes",""
"/article/ielts-dubai-guide","generated public","Article","200 local prerender","generated HTML; deployed HTTP unverified","200","https://www.nitaqacademy.com/article/ielts-dubai-guide","not checked","index, follow","https://www.nitaqacademy.com/article/ielts-dubai-guide","IELTS Coaching in Dubai: A Complete Preparation Guide | NITAQ ACADEMY","Your definitive guide to IELTS coaching in Dubai and Sharjah. Learn about the test format, key preparation strategies, and how to achieve a high band score.","IELTS Coaching in Dubai: A Complete Preparation Guide","en","","EducationalOrganization LocalBusiness ImageObject PostalAddress City WebSite WebPage","Informational search","/ /sat-preparation-sharjah /language-trainings /spoken-english /spoken-arabic /french /spanish /german /ielts-course /toefl-course /pte-course /academic-excellence /maths-tuition-sharjah /science-tuition-sharjah /physics-tuition-sharjah /chemistry-tuition-sharjah /biology-tuition-sharjah /english-tuition-sharjah /courses /professional-certifications /ai-course /cybersecurity-course-sharjah /finance-courses /corporate-trainings /soft-skills-training /sales-negotiations /test-preparations /sat/diagnostic /article/digital-sat-preparation-guide-sharjah-dubai-uae /about /contact /articles /privacy-policy /terms-and-conditions","0","yes","no incoming local link"
"/article/improve-english-better-jobs","generated public","Article","200 local prerender","generated HTML; deployed HTTP unverified","200","https://www.nitaqacademy.com/article/improve-english-better-jobs","not checked","index, follow","https://www.nitaqacademy.com/article/improve-english-better-jobs","How to Improve English for Better Jobs in UAE | NITAQ ACADEMY","Discover how to improve your English for better jobs in Dubai and Sharjah. Boost your career with professional communication and Spoken English from NITAQ ACADEMY.","How to Improve Your English for Better Career Opportunities in the UAE","en","","EducationalOrganization LocalBusiness ImageObject PostalAddress City WebSite WebPage","Informational search","/ /sat-preparation-sharjah /language-trainings /spoken-english /spoken-arabic /french /spanish /german /ielts-course /toefl-course /pte-course /academic-excellence /maths-tuition-sharjah /science-tuition-sharjah /physics-tuition-sharjah /chemistry-tuition-sharjah /biology-tuition-sharjah /english-tuition-sharjah /courses /professional-certifications /ai-course /cybersecurity-course-sharjah /finance-courses /corporate-trainings /soft-skills-training /sales-negotiations /test-preparations /sat/diagnostic /article/digital-sat-preparation-guide-sharjah-dubai-uae /about /contact /articles /privacy-policy /terms-and-conditions","0","yes","no incoming local link"
"/article/improve-ielts-band-score","generated public","Article","200 local prerender","generated HTML; deployed HTTP unverified","200","https://www.nitaqacademy.com/article/improve-ielts-band-score","not checked","index, follow","https://www.nitaqacademy.com/article/improve-ielts-band-score","How to Improve Your IELTS Band Score with Structured Training | NITAQ ACADEMY","Stuck at a 6.0 band score? Learn how to push your IELTS result to 7.5 or 8.0 with structured training techniques focused on the UAE exam standards.","How to Improve Your IELTS Band Score with Structured Training","en","","EducationalOrganization LocalBusiness ImageObject PostalAddress City WebSite WebPage","Informational search","/ /sat-preparation-sharjah /language-trainings /spoken-english /spoken-arabic /french /spanish /german /ielts-course /toefl-course /pte-course /academic-excellence /maths-tuition-sharjah /science-tuition-sharjah /physics-tuition-sharjah /chemistry-tuition-sharjah /biology-tuition-sharjah /english-tuition-sharjah /courses /professional-certifications /ai-course /cybersecurity-course-sharjah /finance-courses /corporate-trainings /soft-skills-training /sales-negotiations /test-preparations /sat/diagnostic /article/digital-sat-preparation-guide-sharjah-dubai-uae /about /contact /articles /privacy-policy /terms-and-conditions","0","yes","no incoming local link"
"/article/professional-courses-sharjah-growth","generated public","Article","200 local prerender","generated HTML; deployed HTTP unverified","200","https://www.nitaqacademy.com/article/professional-courses-sharjah-growth","not checked","index, follow","https://www.nitaqacademy.com/article/professional-courses-sharjah-growth","Why Professional Courses in Sharjah Are Important for Career Growth | NITAQ ACADEMY","Discover how professional courses in Sharjah can accelerate your career in the competitive UAE market. Learn about the most in-demand skills and certifications.","Why Professional Courses in Sharjah Are Important for Career Growth","en","","EducationalOrganization LocalBusiness ImageObject PostalAddress City WebSite WebPage","Informational search","/ /sat-preparation-sharjah /language-trainings /spoken-english /spoken-arabic /french /spanish /german /ielts-course /toefl-course /pte-course /academic-excellence /maths-tuition-sharjah /science-tuition-sharjah /physics-tuition-sharjah /chemistry-tuition-sharjah /biology-tuition-sharjah /english-tuition-sharjah /courses /professional-certifications /ai-course /cybersecurity-course-sharjah /finance-courses /corporate-trainings /soft-skills-training /sales-negotiations /test-preparations /sat/diagnostic /article/digital-sat-preparation-guide-sharjah-dubai-uae /about /contact /articles /privacy-policy /terms-and-conditions /acca-course /power-bi-excel","0","yes","no incoming local link"
"/article/professional-digital-marketing-course-overview","generated public","Article","200 local prerender","generated HTML; deployed HTTP unverified","200","https://www.nitaqacademy.com/article/professional-digital-marketing-course-overview","not checked","index, follow","https://www.nitaqacademy.com/article/professional-digital-marketing-course-overview","Professional Digital Marketing Course in Sharjah, UAE","Master SEO, Google Ads, Social Media Marketing, AI Marketing & Lead Generation with our Professional Digital Marketing Course in Sharjah, UAE.","Professional Digital Marketing Course in Sharjah, UAE","en","","EducationalOrganization LocalBusiness ImageObject PostalAddress City WebSite WebPage","Informational search","/ /sat-preparation-sharjah /language-trainings /spoken-english /spoken-arabic /french /spanish /german /ielts-course /toefl-course /pte-course /academic-excellence /maths-tuition-sharjah /science-tuition-sharjah /physics-tuition-sharjah /chemistry-tuition-sharjah /biology-tuition-sharjah /english-tuition-sharjah /courses /professional-certifications /ai-course /cybersecurity-course-sharjah /finance-courses /corporate-trainings /soft-skills-training /sales-negotiations /test-preparations /sat/diagnostic /article/digital-sat-preparation-guide-sharjah-dubai-uae /about /contact /articles /privacy-policy /terms-and-conditions /courses/professional-digital-marketing-course-sharjah-uae","0","yes","no incoming local link"
"/article/sat-coaching-sharjah","generated public","Article","200 local prerender","generated HTML; deployed HTTP unverified","200","https://www.nitaqacademy.com/article/sat-coaching-sharjah","not checked","index, follow","https://www.nitaqacademy.com/article/sat-coaching-sharjah","SAT Coaching in Sharjah: A Complete Guide to Scoring Higher in 2026 | NITAQ ACADEMY","Master the SAT in Sharjah with our updated 2026 guide. Learn about SAT structure, common challenges, and effective strategies for success.","SAT Coaching in Sharjah: A Complete Guide to Scoring Higher in 2026","en","","EducationalOrganization LocalBusiness ImageObject PostalAddress City WebSite WebPage","Informational search","/ /sat-preparation-sharjah /language-trainings /spoken-english /spoken-arabic /french /spanish /german /ielts-course /toefl-course /pte-course /academic-excellence /maths-tuition-sharjah /science-tuition-sharjah /physics-tuition-sharjah /chemistry-tuition-sharjah /biology-tuition-sharjah /english-tuition-sharjah /courses /professional-certifications /ai-course /cybersecurity-course-sharjah /finance-courses /corporate-trainings /soft-skills-training /sales-negotiations /test-preparations /sat/diagnostic /article/digital-sat-preparation-guide-sharjah-dubai-uae /about /contact /articles /privacy-policy /terms-and-conditions","0","yes","no incoming local link"
"/article/sat-score-1300-guide","generated public","Article","200 local prerender","generated HTML; deployed HTTP unverified","200","https://www.nitaqacademy.com/article/sat-score-1300-guide","not checked","index, follow","https://www.nitaqacademy.com/article/sat-score-1300-guide","SAT Coaching in Sharjah: How to Score 1300+ in 2026 | NITAQ ACADEMY","Learn the exact strategies to score 1300+ on the Digital SAT in Sharjah. Our 2026 guide covers section-wise tips, timing, and preparation methods.","SAT Coaching in Sharjah: How to Score 1300+ in 2026","en","","EducationalOrganization LocalBusiness ImageObject PostalAddress City WebSite WebPage","Informational search","/ /sat-preparation-sharjah /language-trainings /spoken-english /spoken-arabic /french /spanish /german /ielts-course /toefl-course /pte-course /academic-excellence /maths-tuition-sharjah /science-tuition-sharjah /physics-tuition-sharjah /chemistry-tuition-sharjah /biology-tuition-sharjah /english-tuition-sharjah /courses /professional-certifications /ai-course /cybersecurity-course-sharjah /finance-courses /corporate-trainings /soft-skills-training /sales-negotiations /test-preparations /sat/diagnostic /article/digital-sat-preparation-guide-sharjah-dubai-uae /about /contact /articles /privacy-policy /terms-and-conditions","2","yes",""
"/article/sat-vs-ielts-guide","generated public","Article","200 local prerender","generated HTML; deployed HTTP unverified","200","https://www.nitaqacademy.com/article/sat-vs-ielts-guide","not checked","index, follow","https://www.nitaqacademy.com/article/sat-vs-ielts-guide","SAT vs IELTS: Which Exam Do You Need for Studying Abroad? | NITAQ ACADEMY","Confused between SAT and IELTS? Our comprehensive comparison guide helps students in the UAE choose the right exam for their international university applications.","SAT vs IELTS: Which Exam Do You Need for Studying Abroad?","en","","EducationalOrganization LocalBusiness ImageObject PostalAddress City WebSite WebPage","Informational search","/ /sat-preparation-sharjah /language-trainings /spoken-english /spoken-arabic /french /spanish /german /ielts-course /toefl-course /pte-course /academic-excellence /maths-tuition-sharjah /science-tuition-sharjah /physics-tuition-sharjah /chemistry-tuition-sharjah /biology-tuition-sharjah /english-tuition-sharjah /courses /professional-certifications /ai-course /cybersecurity-course-sharjah /finance-courses /corporate-trainings /soft-skills-training /sales-negotiations /test-preparations /sat/diagnostic /article/digital-sat-preparation-guide-sharjah-dubai-uae /about /contact /articles /privacy-policy /terms-and-conditions","2","yes",""
"/article/top-skills-uae-2026","generated public","Article","200 local prerender","generated HTML; deployed HTTP unverified","200","https://www.nitaqacademy.com/article/top-skills-uae-2026","not checked","index, follow","https://www.nitaqacademy.com/article/top-skills-uae-2026","Top Skills UAE 2026: Career Success & High-Income Skills | NITAQ ACADEMY","Master the top skills UAE 2026 demands. Explore why AI, Digital Marketing, and Data Analytics are the best skills for students and professionals in Dubai & Sharjah.","Top Skills UAE 2026: The Ultimate Guide to Career Success in the Emirates","en","","EducationalOrganization LocalBusiness ImageObject PostalAddress City WebSite WebPage","Informational search","/ /sat-preparation-sharjah /language-trainings /spoken-english /spoken-arabic /french /spanish /german /ielts-course /toefl-course /pte-course /academic-excellence /maths-tuition-sharjah /science-tuition-sharjah /physics-tuition-sharjah /chemistry-tuition-sharjah /biology-tuition-sharjah /english-tuition-sharjah /courses /professional-certifications /ai-course /cybersecurity-course-sharjah /finance-courses /corporate-trainings /soft-skills-training /sales-negotiations /test-preparations /sat/diagnostic /article/digital-sat-preparation-guide-sharjah-dubai-uae /about /contact /articles /privacy-policy /terms-and-conditions /professional-marketing-course /power-bi-excel","2","yes",""
"/article/why-hiring-digital-marketing-agency-transform-business","generated public","Article","200 local prerender","generated HTML; deployed HTTP unverified","200","https://www.nitaqacademy.com/article/why-hiring-digital-marketing-agency-transform-business","not checked","index, follow","https://www.nitaqacademy.com/article/why-hiring-digital-marketing-agency-transform-business","Why Hiring a Digital Marketing Agency Can Transform Your Business | NITAQ Academy UAE","Discover how hiring a top digital marketing agency in Sharjah & Dubai can transform your business. Complete 2026 guide to SEO, PPC, Meta Ads, AI SEO & ROI.","Why Hiring a Digital Marketing Agency Can Transform Your Business","en","","EducationalOrganization LocalBusiness ImageObject PostalAddress City WebSite WebPage Article Organization","Informational search","/ /sat-preparation-sharjah /language-trainings /spoken-english /spoken-arabic /french /spanish /german /ielts-course /toefl-course /pte-course /academic-excellence /maths-tuition-sharjah /science-tuition-sharjah /physics-tuition-sharjah /chemistry-tuition-sharjah /biology-tuition-sharjah /english-tuition-sharjah /courses /professional-certifications /ai-course /cybersecurity-course-sharjah /finance-courses /corporate-trainings /soft-skills-training /sales-negotiations /test-preparations /sat/diagnostic /article/digital-sat-preparation-guide-sharjah-dubai-uae /about /contact /articles /privacy-policy /terms-and-conditions /courses/professional-digital-marketing-course-sharjah-uae","2","yes",""
"/article/why-not-getting-hired-uae","generated public","Article","200 local prerender","generated HTML; deployed HTTP unverified","200","https://www.nitaqacademy.com/article/why-not-getting-hired-uae","not checked","index, follow","https://www.nitaqacademy.com/article/why-not-getting-hired-uae","Why You Are Not Getting Hired in UAE: 5 Common Mistakes | NITAQ ACADEMY","Struggling to find a job in Dubai or Sharjah? Discover why you are not getting hired in UAE and how to fix your CV, certifications, and networking strategy.","Why You Are Not Getting Hired in UAE: 5 Common Mistakes & How to Fix Them","en","","EducationalOrganization LocalBusiness ImageObject PostalAddress City WebSite WebPage","Informational search","/ /sat-preparation-sharjah /language-trainings /spoken-english /spoken-arabic /french /spanish /german /ielts-course /toefl-course /pte-course /academic-excellence /maths-tuition-sharjah /science-tuition-sharjah /physics-tuition-sharjah /chemistry-tuition-sharjah /biology-tuition-sharjah /english-tuition-sharjah /courses /professional-certifications /ai-course /cybersecurity-course-sharjah /finance-courses /corporate-trainings /soft-skills-training /sales-negotiations /test-preparations /sat/diagnostic /article/digital-sat-preparation-guide-sharjah-dubai-uae /about /contact /articles /privacy-policy /terms-and-conditions /chrm /uae-corporate-tax /hrm-courses","0","yes","no incoming local link"
"/articles","generated public","Information / directory","200 local prerender","generated HTML; deployed HTTP unverified","200","https://www.nitaqacademy.com/articles","not checked","index, follow","https://www.nitaqacademy.com/articles","Articles & Educational Guides | NITAQ ACADEMY Sharjah","Read Nitaq Academy guides to SAT preparation, language learning, subject tuition and professional skills in Sharjah.","Educational Insights & Guides","en","","EducationalOrganization LocalBusiness ImageObject PostalAddress City WebSite WebPage","Named course or academy information","/ /sat-preparation-sharjah /language-trainings /spoken-english /spoken-arabic /french /spanish /german /ielts-course /toefl-course /pte-course /academic-excellence /maths-tuition-sharjah /science-tuition-sharjah /physics-tuition-sharjah /chemistry-tuition-sharjah /biology-tuition-sharjah /english-tuition-sharjah /courses /professional-certifications /ai-course /cybersecurity-course-sharjah /finance-courses /corporate-trainings /soft-skills-training /sales-negotiations /test-preparations /sat/diagnostic /article/digital-sat-preparation-guide-sharjah-dubai-uae /about /contact /articles /privacy-policy /terms-and-conditions /article/free-digital-sat-diagnostic-assessment-guide /article/best-tuition-classes-near-me-sharjah /article/comprehensive-subject-tuition-guide-sharjah-dubai-uae /article/best-tuition-classes-sharjah-dubai-guide /article/academic-excellence-tuition-dubai-sharjah-uae /article/complete-guide-best-tuition-classes-dubai-sharjah-uae /article/why-hiring-digital-marketing-agency-transform-business /courses/professional-digital-marketing-course-sharjah-uae /article/how-to-choose-best-digital-marketing-institute-sharjah-dubai-uae","188","yes",""
"/biology-tuition-sharjah","generated public","Subject tuition","200 local prerender","generated HTML; deployed HTTP unverified","200","https://www.nitaqacademy.com/biology-tuition-sharjah","not checked","index, follow","https://www.nitaqacademy.com/biology-tuition-sharjah","Biology Tuition in Sharjah & Dubai | IGCSE, A-Level, IB & CBSE Class 8-12 | Nitaq UAE","Premier Biology tuition in Sharjah, Dubai & UAE for Class 8-12. Cambridge IGCSE (0610), Edexcel A-Level, IB Biology HL/SL & CBSE NEET Foundation in Al Majaz 3, Sharjah & Online UAE.","Biology Tuition in Sharjah","en","","EducationalOrganization LocalBusiness ImageObject PostalAddress City WebSite WebPage","Subject tuition enquiry","/ /sat-preparation-sharjah /language-trainings /spoken-english /spoken-arabic /french /spanish /german /ielts-course /toefl-course /pte-course /academic-excellence /maths-tuition-sharjah /science-tuition-sharjah /physics-tuition-sharjah /chemistry-tuition-sharjah /biology-tuition-sharjah /english-tuition-sharjah /courses /professional-certifications /ai-course /cybersecurity-course-sharjah /finance-courses /corporate-trainings /soft-skills-training /sales-negotiations /test-preparations /sat/diagnostic /article/digital-sat-preparation-guide-sharjah-dubai-uae /about /contact /articles /privacy-policy /terms-and-conditions /enquiry","186","yes",""
"/business-studies-tuition-sharjah","generated public","Subject tuition","200 local prerender","generated HTML; deployed HTTP unverified","200","https://www.nitaqacademy.com/business-studies-tuition-sharjah","not checked","index, follow","https://www.nitaqacademy.com/business-studies-tuition-sharjah","Business Studies Tuition in Sharjah & Dubai | IGCSE, A-Level & CBSE Class 9-12 | Nitaq UAE","Expert Business Studies tuition in Sharjah, Dubai & UAE for Class 9-12. Cambridge IGCSE (0450), Edexcel A-Level, IB Business Management & CBSE Class 11-12 in Al Majaz 3, Sharjah & Online UAE.","Business Studies Tuition in Sharjah","en","","EducationalOrganization LocalBusiness ImageObject PostalAddress City WebSite WebPage","Subject tuition enquiry","/ /sat-preparation-sharjah /language-trainings /spoken-english /spoken-arabic /french /spanish /german /ielts-course /toefl-course /pte-course /academic-excellence /maths-tuition-sharjah /science-tuition-sharjah /physics-tuition-sharjah /chemistry-tuition-sharjah /biology-tuition-sharjah /english-tuition-sharjah /courses /professional-certifications /ai-course /cybersecurity-course-sharjah /finance-courses /corporate-trainings /soft-skills-training /sales-negotiations /test-preparations /sat/diagnostic /article/digital-sat-preparation-guide-sharjah-dubai-uae /about /contact /articles /privacy-policy /terms-and-conditions /accountancy-tuition-sharjah /economics-tuition-sharjah /enquiry","6","yes",""
"/certificate/verify/:certId*","dynamic route pattern","Dynamic route","not prerendered","configured rewrite to /verify-certificate","not checked","","not checked","utility; verify access control","","","","","","","","Route handling","","0","no",""
"/chemistry-tuition-sharjah","generated public","Subject tuition","200 local prerender","generated HTML; deployed HTTP unverified","200","https://www.nitaqacademy.com/chemistry-tuition-sharjah","not checked","index, follow","https://www.nitaqacademy.com/chemistry-tuition-sharjah","Chemistry Tuition in Sharjah & Dubai | IGCSE, A-Level, IB & CBSE Class 8-12 | Nitaq UAE","Expert Chemistry tuition in Sharjah, Dubai & UAE for Class 8-12. Cambridge IGCSE (0620), Edexcel A-Level, IB Chemistry HL/SL & CBSE Class 11-12 in Al Majaz 3, Sharjah & Online UAE.","Chemistry Tuition in Sharjah","en","","EducationalOrganization LocalBusiness ImageObject PostalAddress City WebSite WebPage","Subject tuition enquiry","/ /sat-preparation-sharjah /language-trainings /spoken-english /spoken-arabic /french /spanish /german /ielts-course /toefl-course /pte-course /academic-excellence /maths-tuition-sharjah /science-tuition-sharjah /physics-tuition-sharjah /chemistry-tuition-sharjah /biology-tuition-sharjah /english-tuition-sharjah /courses /professional-certifications /ai-course /cybersecurity-course-sharjah /finance-courses /corporate-trainings /soft-skills-training /sales-negotiations /test-preparations /sat/diagnostic /article/digital-sat-preparation-guide-sharjah-dubai-uae /about /contact /articles /privacy-policy /terms-and-conditions /enquiry","186","yes",""
"/chrm","generated public","Other course / campaign","200 local prerender","generated HTML; deployed HTTP unverified","200","https://www.nitaqacademy.com/chrm","not checked","index, follow","https://www.nitaqacademy.com/chrm","CHRM Course Sharjah | Certified HR Manager Training UAE | NITAQ ACADEMY","CHRM (Certified HR Manager) preparation at NITAQ ACADEMY Sharjah. Build strategic HR leadership skills with our expert-led CHRM coaching. Online & offline batches UAE.","CHRM - Certified Human Resource Manager","en","","EducationalOrganization LocalBusiness ImageObject PostalAddress City WebSite WebPage","Named course or academy information","/ /sat-preparation-sharjah /language-trainings /spoken-english /spoken-arabic /french /spanish /german /ielts-course /toefl-course /pte-course /academic-excellence /maths-tuition-sharjah /science-tuition-sharjah /physics-tuition-sharjah /chemistry-tuition-sharjah /biology-tuition-sharjah /english-tuition-sharjah /courses /professional-certifications /ai-course /cybersecurity-course-sharjah /finance-courses /corporate-trainings /soft-skills-training /sales-negotiations /test-preparations /sat/diagnostic /article/digital-sat-preparation-guide-sharjah-dubai-uae /about /contact /articles /privacy-policy /terms-and-conditions","6","yes",""
"/cma-course","generated public","Other course / campaign","200 local prerender","generated HTML; deployed HTTP unverified","200","https://www.nitaqacademy.com/cma-course","not checked","index, follow","https://www.nitaqacademy.com/cma-course","CMA Course Sharjah | Certified Management Accountant Coaching UAE | Nitaq","CMA (Certified Management Accountant) preparation at NITAQ ACADEMY Sharjah. Expert IMA CMA exam coaching. SPEA Authorized. Online & offline batches available UAE.","CMA - Certified Management Accountant","en","","EducationalOrganization LocalBusiness ImageObject PostalAddress City WebSite WebPage","Named course or academy information","/ /sat-preparation-sharjah /language-trainings /spoken-english /spoken-arabic /french /spanish /german /ielts-course /toefl-course /pte-course /academic-excellence /maths-tuition-sharjah /science-tuition-sharjah /physics-tuition-sharjah /chemistry-tuition-sharjah /biology-tuition-sharjah /english-tuition-sharjah /courses /professional-certifications /ai-course /cybersecurity-course-sharjah /finance-courses /corporate-trainings /soft-skills-training /sales-negotiations /test-preparations /sat/diagnostic /article/digital-sat-preparation-guide-sharjah-dubai-uae /about /contact /articles /privacy-policy /terms-and-conditions","6","yes",""
"/contact","generated public","Information / directory","200 local prerender","generated HTML; deployed HTTP unverified","200","https://www.nitaqacademy.com/contact","not checked","index, follow","https://www.nitaqacademy.com/contact","Contact NITAQ ACADEMY Sharjah | Get in Touch","Have questions about our courses? Contact NITAQ ACADEMY in Sharjah for admissions, course details, and corporate training enquiries.","Get in Touch","en","","EducationalOrganization LocalBusiness ImageObject PostalAddress City WebSite WebPage","Contact and location","/ /sat-preparation-sharjah /language-trainings /spoken-english /spoken-arabic /french /spanish /german /ielts-course /toefl-course /pte-course /academic-excellence /maths-tuition-sharjah /science-tuition-sharjah /physics-tuition-sharjah /chemistry-tuition-sharjah /biology-tuition-sharjah /english-tuition-sharjah /courses /professional-certifications /ai-course /cybersecurity-course-sharjah /finance-courses /corporate-trainings /soft-skills-training /sales-negotiations /test-preparations /sat/diagnostic /article/digital-sat-preparation-guide-sharjah-dubai-uae /about /contact /articles /privacy-policy /terms-and-conditions","188","yes",""
"/corporate-trainings","generated public","Other course / campaign","200 local prerender","generated HTML; deployed HTTP unverified","200","https://www.nitaqacademy.com/corporate-trainings","not checked","index, follow","https://www.nitaqacademy.com/corporate-trainings","Corporate Training Solutions Sharjah UAE | NITAQ ACADEMY","Customized training programs for organizations in the UAE. Upskill your employees with HR, Sales, IT, and Finance certifications at NITAQ ACADEMY.","Corporate Enablement","en","","EducationalOrganization LocalBusiness ImageObject PostalAddress City WebSite WebPage","Named course or academy information","/ /sat-preparation-sharjah /language-trainings /spoken-english /spoken-arabic /french /spanish /german /ielts-course /toefl-course /pte-course /academic-excellence /maths-tuition-sharjah /science-tuition-sharjah /physics-tuition-sharjah /chemistry-tuition-sharjah /biology-tuition-sharjah /english-tuition-sharjah /courses /professional-certifications /ai-course /cybersecurity-course-sharjah /finance-courses /corporate-trainings /soft-skills-training /sales-negotiations /test-preparations /sat/diagnostic /article/digital-sat-preparation-guide-sharjah-dubai-uae /about /contact /articles /privacy-policy /terms-and-conditions","186","yes",""
"/courses","generated public","Information / directory","200 local prerender","generated HTML; deployed HTTP unverified","200","https://www.nitaqacademy.com/courses","not checked","index, follow","https://www.nitaqacademy.com/courses","Courses at Nitaq Academy | SAT, Languages, Tuition & More","Browse Digital SAT preparation, language training, subject tuition and additional professional courses at Nitaq Academy in Sharjah.","Courses by NITAQ ACADEMY","en","","EducationalOrganization LocalBusiness ImageObject PostalAddress City WebSite WebPage","Named course or academy information","/ /sat-preparation-sharjah /language-trainings /spoken-english /spoken-arabic /french /spanish /german /ielts-course /toefl-course /pte-course /academic-excellence /maths-tuition-sharjah /science-tuition-sharjah /physics-tuition-sharjah /chemistry-tuition-sharjah /biology-tuition-sharjah /english-tuition-sharjah /courses /professional-certifications /ai-course /cybersecurity-course-sharjah /finance-courses /corporate-trainings /soft-skills-training /sales-negotiations /test-preparations /sat/diagnostic /article/digital-sat-preparation-guide-sharjah-dubai-uae /about /contact /articles /privacy-policy /terms-and-conditions /acca-course /uae-corporate-tax /power-bi-excel /professional-marketing-course /gre-preparation /gmat-preparation","188","yes",""
"/courses/professional-digital-marketing-course-sharjah-uae","generated public","Information / directory","200 local prerender","generated HTML; deployed HTTP unverified","200","https://www.nitaqacademy.com/courses/professional-digital-marketing-course-sharjah-uae","not checked","index, follow","https://www.nitaqacademy.com/courses/professional-digital-marketing-course-sharjah-uae","Digital Marketing Course in Sharjah | NITAQ Academy","Become a certified marketer with the best Digital Marketing Course in Sharjah. Practical training in SEO, Google Ads, Meta Ads & AI. Enroll at NITAQ today!","Professional Digital Marketing Course in Sharjah, UAE","en","","EducationalOrganization LocalBusiness ImageObject PostalAddress City WebSite WebPage","Named course or academy information","/ /sat-preparation-sharjah /language-trainings /spoken-english /spoken-arabic /french /spanish /german /ielts-course /toefl-course /pte-course /academic-excellence /maths-tuition-sharjah /science-tuition-sharjah /physics-tuition-sharjah /chemistry-tuition-sharjah /biology-tuition-sharjah /english-tuition-sharjah /courses /professional-certifications /ai-course /cybersecurity-course-sharjah /finance-courses /corporate-trainings /soft-skills-training /sales-negotiations /test-preparations /sat/diagnostic /article/digital-sat-preparation-guide-sharjah-dubai-uae /about /contact /articles /privacy-policy /terms-and-conditions","14","yes",""
"/cpa-course","generated public","Other course / campaign","200 local prerender","generated HTML; deployed HTTP unverified","200","https://www.nitaqacademy.com/cpa-course","not checked","index, follow","https://www.nitaqacademy.com/cpa-course","CPA Course Sharjah | Certified Public Accountant Training UAE | NITAQ ACADEMY","Explore US CPA Exam preparation at Nitaq Academy in Sharjah. The current exam has AUD, FAR and REG core sections plus one chosen Discipline.","CPA - Certified Public Accountant","en","","EducationalOrganization LocalBusiness ImageObject PostalAddress City WebSite WebPage","Named course or academy information","/ /sat-preparation-sharjah /language-trainings /spoken-english /spoken-arabic /french /spanish /german /ielts-course /toefl-course /pte-course /academic-excellence /maths-tuition-sharjah /science-tuition-sharjah /physics-tuition-sharjah /chemistry-tuition-sharjah /biology-tuition-sharjah /english-tuition-sharjah /courses /professional-certifications /ai-course /cybersecurity-course-sharjah /finance-courses /corporate-trainings /soft-skills-training /sales-negotiations /test-preparations /sat/diagnostic /article/digital-sat-preparation-guide-sharjah-dubai-uae /about /contact /articles /privacy-policy /terms-and-conditions","6","yes",""
"/cpcd-courses","generated public","Information / directory","200 local prerender","generated HTML; deployed HTTP unverified","200","https://www.nitaqacademy.com/cpcd-courses","not checked","index, follow","https://www.nitaqacademy.com/cpcd-courses","CPCD Course Sharjah | Professional CP Training UAE | NITAQ ACADEMY","CPCD professional certification training at NITAQ ACADEMY Sharjah. Expert coaching for CPCD exams. Online & offline batches available UAE. SPEA Authorized.","CPCD - Certified Professional in Career Development","en","","EducationalOrganization LocalBusiness ImageObject PostalAddress City WebSite WebPage","Named course or academy information","/ /sat-preparation-sharjah /language-trainings /spoken-english /spoken-arabic /french /spanish /german /ielts-course /toefl-course /pte-course /academic-excellence /maths-tuition-sharjah /science-tuition-sharjah /physics-tuition-sharjah /chemistry-tuition-sharjah /biology-tuition-sharjah /english-tuition-sharjah /courses /professional-certifications /ai-course /cybersecurity-course-sharjah /finance-courses /corporate-trainings /soft-skills-training /sales-negotiations /test-preparations /sat/diagnostic /article/digital-sat-preparation-guide-sharjah-dubai-uae /about /contact /articles /privacy-policy /terms-and-conditions","4","yes",""
"/cybersecurity-course-sharjah","generated public","Other course / campaign","200 local prerender","generated HTML; deployed HTTP unverified","200","https://www.nitaqacademy.com/cybersecurity-course-sharjah","not checked","index, follow","https://www.nitaqacademy.com/cybersecurity-course-sharjah","Cybersecurity Course Sharjah | Ethical Hacking UAE | Nitaq","Learn ethical hacking and cybersecurity in Sharjah. CyberShield program for beginners. Master Kali Linux, Metasploit, Wireshark. Online & offline batches near me.","Cybersecurity Foundations & Ethical Hacking","en","","EducationalOrganization LocalBusiness ImageObject PostalAddress City WebSite WebPage","Named course or academy information","/ /sat-preparation-sharjah /language-trainings /spoken-english /spoken-arabic /french /spanish /german /ielts-course /toefl-course /pte-course /academic-excellence /maths-tuition-sharjah /science-tuition-sharjah /physics-tuition-sharjah /chemistry-tuition-sharjah /biology-tuition-sharjah /english-tuition-sharjah /courses /professional-certifications /ai-course /cybersecurity-course-sharjah /finance-courses /corporate-trainings /soft-skills-training /sales-negotiations /test-preparations /sat/diagnostic /article/digital-sat-preparation-guide-sharjah-dubai-uae /about /contact /articles /privacy-policy /terms-and-conditions","186","yes",""
"/data-management","generated public","Other course / campaign","200 local prerender","generated HTML; deployed HTTP unverified","200","https://www.nitaqacademy.com/data-management","not checked","index, follow","https://www.nitaqacademy.com/data-management","Data Management Course Sharjah | Database & Analytics Training UAE | Nitaq","Data management training at NITAQ ACADEMY Sharjah. Learn database management, data analysis, SQL, and business intelligence tools. Online & offline batches UAE.","Certified Data Management Professional","en","","EducationalOrganization LocalBusiness ImageObject PostalAddress City WebSite WebPage","Named course or academy information","/ /sat-preparation-sharjah /language-trainings /spoken-english /spoken-arabic /french /spanish /german /ielts-course /toefl-course /pte-course /academic-excellence /maths-tuition-sharjah /science-tuition-sharjah /physics-tuition-sharjah /chemistry-tuition-sharjah /biology-tuition-sharjah /english-tuition-sharjah /courses /professional-certifications /ai-course /cybersecurity-course-sharjah /finance-courses /corporate-trainings /soft-skills-training /sales-negotiations /test-preparations /sat/diagnostic /article/digital-sat-preparation-guide-sharjah-dubai-uae /about /contact /articles /privacy-policy /terms-and-conditions","6","yes",""
"/does-not-exist-nitaq-audit","nonexistent sample","Nonexistent path","not prerendered","no generated HTML; expect HTTP 404","404","","not checked","should not index","","","","","","","","Route handling","","0","no","production 404 observed"
"/economics-tuition-sharjah","generated public","Subject tuition","200 local prerender","generated HTML; deployed HTTP unverified","200","https://www.nitaqacademy.com/economics-tuition-sharjah","not checked","index, follow","https://www.nitaqacademy.com/economics-tuition-sharjah","Economics Tuition in Sharjah & Dubai | IGCSE, A-Level, IB & CBSE Class 9-12 | Nitaq UAE","Expert Economics tuition in Sharjah, Dubai & UAE for Class 9-12. Cambridge IGCSE (0455), Edexcel A-Level, IB Economics HL/SL & CBSE Class 11-12 in Al Majaz 3, Sharjah & Online UAE.","Economics Tuition in Sharjah","en","","EducationalOrganization LocalBusiness ImageObject PostalAddress City WebSite WebPage","Subject tuition enquiry","/ /sat-preparation-sharjah /language-trainings /spoken-english /spoken-arabic /french /spanish /german /ielts-course /toefl-course /pte-course /academic-excellence /maths-tuition-sharjah /science-tuition-sharjah /physics-tuition-sharjah /chemistry-tuition-sharjah /biology-tuition-sharjah /english-tuition-sharjah /courses /professional-certifications /ai-course /cybersecurity-course-sharjah /finance-courses /corporate-trainings /soft-skills-training /sales-negotiations /test-preparations /sat/diagnostic /article/digital-sat-preparation-guide-sharjah-dubai-uae /about /contact /articles /privacy-policy /terms-and-conditions /business-studies-tuition-sharjah /accountancy-tuition-sharjah /enquiry","8","yes",""
"/english-tuition-sharjah","generated public","Subject tuition","200 local prerender","generated HTML; deployed HTTP unverified","200","https://www.nitaqacademy.com/english-tuition-sharjah","not checked","index, follow","https://www.nitaqacademy.com/english-tuition-sharjah","English Tuition in Sharjah & Dubai | Grammar, Writing, IGCSE & CBSE Class 1-12 | Nitaq UAE","Premier English tuition in Sharjah, Dubai & UAE for Class 1-12. Grammar classes, essay writing, comprehension & IGCSE English coaching in Al Majaz 3, Sharjah & online UAE.","English Tuition in Sharjah","en","","EducationalOrganization LocalBusiness ImageObject PostalAddress City WebSite WebPage","Subject tuition enquiry","/ /sat-preparation-sharjah /language-trainings /spoken-english /spoken-arabic /french /spanish /german /ielts-course /toefl-course /pte-course /academic-excellence /maths-tuition-sharjah /science-tuition-sharjah /physics-tuition-sharjah /chemistry-tuition-sharjah /biology-tuition-sharjah /english-tuition-sharjah /courses /professional-certifications /ai-course /cybersecurity-course-sharjah /finance-courses /corporate-trainings /soft-skills-training /sales-negotiations /test-preparations /sat/diagnostic /article/digital-sat-preparation-guide-sharjah-dubai-uae /about /contact /articles /privacy-policy /terms-and-conditions /social-science-tuition-sharjah /enquiry","186","yes",""
"/enquiry","generated public","Other course / campaign","200 local prerender","generated HTML; deployed HTTP unverified","200","https://www.nitaqacademy.com/enquiry","not checked","noindex, follow","https://www.nitaqacademy.com/enquiry","Enquire Now | NITAQ ACADEMY Sharjah","Get in touch with NITAQ ACADEMY Sharjah for course details, batch schedules, and fee structures. Enquire now to start your learning journey.","Enquire Now","en","","","Named course or academy information","/ /sat-preparation-sharjah /language-trainings /spoken-english /spoken-arabic /french /spanish /german /ielts-course /toefl-course /pte-course /academic-excellence /maths-tuition-sharjah /science-tuition-sharjah /physics-tuition-sharjah /chemistry-tuition-sharjah /biology-tuition-sharjah /english-tuition-sharjah /courses /professional-certifications /ai-course /cybersecurity-course-sharjah /finance-courses /corporate-trainings /soft-skills-training /sales-negotiations /test-preparations /sat/diagnostic /article/digital-sat-preparation-guide-sharjah-dubai-uae /about /contact /articles /privacy-policy /terms-and-conditions","34","no",""
"/finance-courses","generated public","Information / directory","200 local prerender","generated HTML; deployed HTTP unverified","200","https://www.nitaqacademy.com/finance-courses","not checked","index, follow","https://www.nitaqacademy.com/finance-courses","Finance Courses Sharjah | ACCA, CMA, CPA | NITAQ ACADEMY","Explore finance courses and ACCA, CMA and CPA preparation at Nitaq Academy in Sharjah. Ask the admissions team about current programmes.","Finance Specializations","en","","EducationalOrganization LocalBusiness ImageObject PostalAddress City WebSite WebPage","Named course or academy information","/ /sat-preparation-sharjah /language-trainings /spoken-english /spoken-arabic /french /spanish /german /ielts-course /toefl-course /pte-course /academic-excellence /maths-tuition-sharjah /science-tuition-sharjah /physics-tuition-sharjah /chemistry-tuition-sharjah /biology-tuition-sharjah /english-tuition-sharjah /courses /professional-certifications /ai-course /cybersecurity-course-sharjah /finance-courses /corporate-trainings /soft-skills-training /sales-negotiations /test-preparations /sat/diagnostic /article/digital-sat-preparation-guide-sharjah-dubai-uae /about /contact /articles /privacy-policy /terms-and-conditions /acca-course /cma-course /cpa-course /enquiry","186","yes",""
"/foundation-jee-neet","generated public","Other course / campaign","200 local prerender","generated HTML; deployed HTTP unverified","200","https://www.nitaqacademy.com/foundation-jee-neet","not checked","index, follow","https://www.nitaqacademy.com/foundation-jee-neet","JEE/NEET Foundation Course Sharjah | Indian Entrance Exam Prep UAE | Nitaq","JEE and NEET foundation preparation at NITAQ ACADEMY Sharjah. Expert coaching for Indian competitive entrance exams for UAE-based students. Online & offline batches.","Foundation for JEE/NEET","en","","EducationalOrganization LocalBusiness ImageObject PostalAddress City WebSite WebPage","Named course or academy information","/ /sat-preparation-sharjah /language-trainings /spoken-english /spoken-arabic /french /spanish /german /ielts-course /toefl-course /pte-course /academic-excellence /maths-tuition-sharjah /science-tuition-sharjah /physics-tuition-sharjah /chemistry-tuition-sharjah /biology-tuition-sharjah /english-tuition-sharjah /courses /professional-certifications /ai-course /cybersecurity-course-sharjah /finance-courses /corporate-trainings /soft-skills-training /sales-negotiations /test-preparations /sat/diagnostic /article/digital-sat-preparation-guide-sharjah-dubai-uae /about /contact /articles /privacy-policy /terms-and-conditions","8","yes",""
"/french","generated public","Language / exam course","200 local prerender","generated HTML; deployed HTTP unverified","200","https://www.nitaqacademy.com/french","not checked","index, follow","https://www.nitaqacademy.com/french","French Language Course Sharjah | DELF/DALF Preparation UAE | NITAQ ACADEMY","Learn French at all levels (A1–C2) at NITAQ ACADEMY Sharjah. DELF/DALF exam prep, immersive teaching, flexible online & offline batches. CEFR-aligned curriculum. SPEA Authorized.","French Language Course","en","","EducationalOrganization LocalBusiness ImageObject PostalAddress City WebSite WebPage","Language learning or named exam preparation","/ /sat-preparation-sharjah /language-trainings /spoken-english /spoken-arabic /french /spanish /german /ielts-course /toefl-course /pte-course /academic-excellence /maths-tuition-sharjah /science-tuition-sharjah /physics-tuition-sharjah /chemistry-tuition-sharjah /biology-tuition-sharjah /english-tuition-sharjah /courses /professional-certifications /ai-course /cybersecurity-course-sharjah /finance-courses /corporate-trainings /soft-skills-training /sales-negotiations /test-preparations /sat/diagnostic /article/digital-sat-preparation-guide-sharjah-dubai-uae /about /contact /articles /privacy-policy /terms-and-conditions","186","yes",""
"/german","generated public","Language / exam course","200 local prerender","generated HTML; deployed HTTP unverified","200","https://www.nitaqacademy.com/german","not checked","index, follow","https://www.nitaqacademy.com/german","German Language Course Sharjah | Goethe/TestDaF Prep UAE | NITAQ ACADEMY","Learn German (A1–C2) at NITAQ ACADEMY Sharjah. Goethe/TestDaF exam prep, immersive teaching, flexible online & offline batches. CEFR-aligned curriculum. SPEA Authorized.","German Language Course","en","","EducationalOrganization LocalBusiness ImageObject PostalAddress City WebSite WebPage","Language learning or named exam preparation","/ /sat-preparation-sharjah /language-trainings /spoken-english /spoken-arabic /french /spanish /german /ielts-course /toefl-course /pte-course /academic-excellence /maths-tuition-sharjah /science-tuition-sharjah /physics-tuition-sharjah /chemistry-tuition-sharjah /biology-tuition-sharjah /english-tuition-sharjah /courses /professional-certifications /ai-course /cybersecurity-course-sharjah /finance-courses /corporate-trainings /soft-skills-training /sales-negotiations /test-preparations /sat/diagnostic /article/digital-sat-preparation-guide-sharjah-dubai-uae /about /contact /articles /privacy-policy /terms-and-conditions","186","yes",""
"/gmat-preparation","generated public","Other course / campaign","200 local prerender","generated HTML; deployed HTTP unverified","200","https://www.nitaqacademy.com/gmat-preparation","not checked","index, follow","https://www.nitaqacademy.com/gmat-preparation","GMAT Preparation Course Sharjah | MBA Exam Coaching UAE | NITAQ ACADEMY","Explore GMAT preparation in Sharjah with Nitaq Academy. Review Quantitative Reasoning, Verbal Reasoning and Data Insights for the current exam.","GMAT Preparation","en","","EducationalOrganization LocalBusiness ImageObject PostalAddress City WebSite WebPage","Named course or academy information","/ /sat-preparation-sharjah /language-trainings /spoken-english /spoken-arabic /french /spanish /german /ielts-course /toefl-course /pte-course /academic-excellence /maths-tuition-sharjah /science-tuition-sharjah /physics-tuition-sharjah /chemistry-tuition-sharjah /biology-tuition-sharjah /english-tuition-sharjah /courses /professional-certifications /ai-course /cybersecurity-course-sharjah /finance-courses /corporate-trainings /soft-skills-training /sales-negotiations /test-preparations /sat/diagnostic /article/digital-sat-preparation-guide-sharjah-dubai-uae /about /contact /articles /privacy-policy /terms-and-conditions","4","yes",""
"/gre-preparation","generated public","Other course / campaign","200 local prerender","generated HTML; deployed HTTP unverified","200","https://www.nitaqacademy.com/gre-preparation","not checked","index, follow","https://www.nitaqacademy.com/gre-preparation","GRE Preparation Course Sharjah | Graduate School Coaching UAE | NITAQ ACADEMY","Score high on the GRE with NITAQ ACADEMY's expert coaching in Sharjah. 10 mock tests, Quant, Verbal & AWA training. SPEA Authorized. Online & offline GRE prep UAE.","GRE Preparation","en","","EducationalOrganization LocalBusiness ImageObject PostalAddress City WebSite WebPage","Named course or academy information","/ /sat-preparation-sharjah /language-trainings /spoken-english /spoken-arabic /french /spanish /german /ielts-course /toefl-course /pte-course /academic-excellence /maths-tuition-sharjah /science-tuition-sharjah /physics-tuition-sharjah /chemistry-tuition-sharjah /biology-tuition-sharjah /english-tuition-sharjah /courses /professional-certifications /ai-course /cybersecurity-course-sharjah /finance-courses /corporate-trainings /soft-skills-training /sales-negotiations /test-preparations /sat/diagnostic /article/digital-sat-preparation-guide-sharjah-dubai-uae /about /contact /articles /privacy-policy /terms-and-conditions","4","yes",""
"/hrm-courses","generated public","Information / directory","200 local prerender","generated HTML; deployed HTTP unverified","200","https://www.nitaqacademy.com/hrm-courses","not checked","index, follow","https://www.nitaqacademy.com/hrm-courses","HRM Course Sharjah | Human Resource Management Training UAE | NITAQ ACADEMY","Human Resource Management (HRM) training at NITAQ ACADEMY Sharjah. Practical HR skills for professionals. Online & offline batches UAE. SPEA Authorized.","HRM - Human Resource Management","en","","EducationalOrganization LocalBusiness ImageObject PostalAddress City WebSite WebPage","Named course or academy information","/ /sat-preparation-sharjah /language-trainings /spoken-english /spoken-arabic /french /spanish /german /ielts-course /toefl-course /pte-course /academic-excellence /maths-tuition-sharjah /science-tuition-sharjah /physics-tuition-sharjah /chemistry-tuition-sharjah /biology-tuition-sharjah /english-tuition-sharjah /courses /professional-certifications /ai-course /cybersecurity-course-sharjah /finance-courses /corporate-trainings /soft-skills-training /sales-negotiations /test-preparations /sat/diagnostic /article/digital-sat-preparation-guide-sharjah-dubai-uae /about /contact /articles /privacy-policy /terms-and-conditions","8","yes",""
"/ielts-coaching-dubai","generated public","Language / exam course","200 local prerender","generated HTML; deployed HTTP unverified","200","https://www.nitaqacademy.com/ielts-coaching-dubai","not checked","index, follow","https://www.nitaqacademy.com/ielts-coaching-dubai","Online IELTS Preparation for Dubai Students | Nitaq Academy","Explore online IELTS preparation for Dubai residents, delivered by Nitaq Academy in Sharjah. Compare Academic and General Training support and speak with admissions.","IELTS - International English Language Testing System","en","","EducationalOrganization LocalBusiness ImageObject PostalAddress City WebSite WebPage","Language learning or named exam preparation","/ /sat-preparation-sharjah /language-trainings /spoken-english /spoken-arabic /french /spanish /german /ielts-course /toefl-course /pte-course /academic-excellence /maths-tuition-sharjah /science-tuition-sharjah /physics-tuition-sharjah /chemistry-tuition-sharjah /biology-tuition-sharjah /english-tuition-sharjah /courses /professional-certifications /ai-course /cybersecurity-course-sharjah /finance-courses /corporate-trainings /soft-skills-training /sales-negotiations /test-preparations /sat/diagnostic /article/digital-sat-preparation-guide-sharjah-dubai-uae /about /contact /articles /privacy-policy /terms-and-conditions","0","yes","no incoming local link"
"/ielts-course","generated public","Language / exam course","200 local prerender","generated HTML; deployed HTTP unverified","200","https://www.nitaqacademy.com/ielts-course","not checked","index, follow","https://www.nitaqacademy.com/ielts-course","IELTS Preparation Course in Sharjah | Nitaq Academy","Prepare for IELTS Academic or General Training at Nitaq Academy in Sharjah. Ask about current coaching options, schedules and mock-test practice.","IELTS - International English Language Testing System","en","","EducationalOrganization LocalBusiness ImageObject PostalAddress City WebSite WebPage","Language learning or named exam preparation","/ /sat-preparation-sharjah /language-trainings /spoken-english /spoken-arabic /french /spanish /german /ielts-course /toefl-course /pte-course /academic-excellence /maths-tuition-sharjah /science-tuition-sharjah /physics-tuition-sharjah /chemistry-tuition-sharjah /biology-tuition-sharjah /english-tuition-sharjah /courses /professional-certifications /ai-course /cybersecurity-course-sharjah /finance-courses /corporate-trainings /soft-skills-training /sales-negotiations /test-preparations /sat/diagnostic /article/digital-sat-preparation-guide-sharjah-dubai-uae /about /contact /articles /privacy-policy /terms-and-conditions","186","yes",""
"/ig/2026-03-29","generated public","Other course / campaign","200 local prerender","generated HTML; deployed HTTP unverified","200","https://www.nitaqacademy.com/ig/2026-03-29","not checked","noindex, follow","https://www.nitaqacademy.com/ig/2026-03-29","Land Your Next Job With A Better Resume | NITAQ ACADEMY","Get the best AI prompts to craft a winning resume and land your dream job.","LAND YOUR NEXT JOB WITH A BETTER RESUME 💼","en","","","Named course or academy information","/ /sat-preparation-sharjah /language-trainings /spoken-english /spoken-arabic /french /spanish /german /ielts-course /toefl-course /pte-course /academic-excellence /maths-tuition-sharjah /science-tuition-sharjah /physics-tuition-sharjah /chemistry-tuition-sharjah /biology-tuition-sharjah /english-tuition-sharjah /courses /professional-certifications /ai-course /cybersecurity-course-sharjah /finance-courses /corporate-trainings /soft-skills-training /sales-negotiations /test-preparations /sat/diagnostic /article/digital-sat-preparation-guide-sharjah-dubai-uae /about /contact /articles /privacy-policy /terms-and-conditions","0","no",""
"/language-trainings","generated public","Language / exam course","200 local prerender","generated HTML; deployed HTTP unverified","200","https://www.nitaqacademy.com/language-trainings","not checked","index, follow","https://www.nitaqacademy.com/language-trainings","Language Courses in Sharjah | Nitaq Academy","Explore English, Arabic, French, Spanish and German language training in Al Majaz 3, Sharjah, plus IELTS, TOEFL and PTE preparation.","Language Training in Sharjah","en","","EducationalOrganization LocalBusiness ImageObject PostalAddress City WebSite WebPage","Language learning or named exam preparation","/ /sat-preparation-sharjah /language-trainings /spoken-english /spoken-arabic /french /spanish /german /ielts-course /toefl-course /pte-course /academic-excellence /maths-tuition-sharjah /science-tuition-sharjah /physics-tuition-sharjah /chemistry-tuition-sharjah /biology-tuition-sharjah /english-tuition-sharjah /courses /professional-certifications /ai-course /cybersecurity-course-sharjah /finance-courses /corporate-trainings /soft-skills-training /sales-negotiations /test-preparations /sat/diagnostic /article/digital-sat-preparation-guide-sharjah-dubai-uae /about /contact /articles /privacy-policy /terms-and-conditions /enquiry","188","yes",""
"/maths-tuition-sharjah","generated public","Subject tuition","200 local prerender","generated HTML; deployed HTTP unverified","200","https://www.nitaqacademy.com/maths-tuition-sharjah","not checked","index, follow","https://www.nitaqacademy.com/maths-tuition-sharjah","Maths Tuition in Sharjah & Dubai | Class 1 to 12, IGCSE, A-Level & CBSE | Nitaq UAE","Expert Maths tuition in Sharjah, Dubai & UAE for Class 1-12. Specialized IGCSE maths tuition, A-Level & Class 10 CBSE coaching in Al Majaz 3, Sharjah & online UAE.","Maths Tuition in Sharjah","en","","EducationalOrganization LocalBusiness ImageObject PostalAddress City WebSite WebPage","Subject tuition enquiry","/ /sat-preparation-sharjah /language-trainings /spoken-english /spoken-arabic /french /spanish /german /ielts-course /toefl-course /pte-course /academic-excellence /maths-tuition-sharjah /science-tuition-sharjah /physics-tuition-sharjah /chemistry-tuition-sharjah /biology-tuition-sharjah /english-tuition-sharjah /courses /professional-certifications /ai-course /cybersecurity-course-sharjah /finance-courses /corporate-trainings /soft-skills-training /sales-negotiations /test-preparations /sat/diagnostic /article/digital-sat-preparation-guide-sharjah-dubai-uae /about /contact /articles /privacy-policy /terms-and-conditions /social-science-tuition-sharjah /enquiry","186","yes",""
"/physics-tuition-sharjah","generated public","Subject tuition","200 local prerender","generated HTML; deployed HTTP unverified","200","https://www.nitaqacademy.com/physics-tuition-sharjah","not checked","index, follow","https://www.nitaqacademy.com/physics-tuition-sharjah","Physics Tuition in Sharjah & Dubai | IGCSE, A-Level, IB & CBSE Class 8-12 | Nitaq UAE","Explore Physics tuition at Nitaq Academy in Al Majaz 3, Sharjah. Contact admissions about the levels and curricula currently supported.","Physics Tuition in Sharjah","en","","EducationalOrganization LocalBusiness ImageObject PostalAddress City WebSite WebPage","Subject tuition enquiry","/ /sat-preparation-sharjah /language-trainings /spoken-english /spoken-arabic /french /spanish /german /ielts-course /toefl-course /pte-course /academic-excellence /maths-tuition-sharjah /science-tuition-sharjah /physics-tuition-sharjah /chemistry-tuition-sharjah /biology-tuition-sharjah /english-tuition-sharjah /courses /professional-certifications /ai-course /cybersecurity-course-sharjah /finance-courses /corporate-trainings /soft-skills-training /sales-negotiations /test-preparations /sat/diagnostic /article/digital-sat-preparation-guide-sharjah-dubai-uae /about /contact /articles /privacy-policy /terms-and-conditions /enquiry","186","yes",""
"/power-bi-excel","generated public","Other course / campaign","200 local prerender","generated HTML; deployed HTTP unverified","200","https://www.nitaqacademy.com/power-bi-excel","not checked","index, follow","https://www.nitaqacademy.com/power-bi-excel","Power BI & Excel Course Sharjah | Data Analytics Training UAE | NITAQ ACADEMY","Master Power BI and Advanced Excel at NITAQ ACADEMY Sharjah. Data visualization, dashboards, and analytics training for professionals. Online & offline batches UAE.","Power BI & Advanced Excel","en","","EducationalOrganization LocalBusiness ImageObject PostalAddress City WebSite WebPage","Named course or academy information","/ /sat-preparation-sharjah /language-trainings /spoken-english /spoken-arabic /french /spanish /german /ielts-course /toefl-course /pte-course /academic-excellence /maths-tuition-sharjah /science-tuition-sharjah /physics-tuition-sharjah /chemistry-tuition-sharjah /biology-tuition-sharjah /english-tuition-sharjah /courses /professional-certifications /ai-course /cybersecurity-course-sharjah /finance-courses /corporate-trainings /soft-skills-training /sales-negotiations /test-preparations /sat/diagnostic /article/digital-sat-preparation-guide-sharjah-dubai-uae /about /contact /articles /privacy-policy /terms-and-conditions","8","yes",""
"/privacy-policy","generated public","Other course / campaign","200 local prerender","generated HTML; deployed HTTP unverified","200","https://www.nitaqacademy.com/privacy-policy","not checked","index, follow","https://www.nitaqacademy.com/privacy-policy","Privacy Policy | NITAQ ACADEMY Sharjah","Our privacy policy explains how NITAQ ACADEMY collects, uses, and protects student information in compliance with UAE data protection standards.","Privacy Policy – NITAQ ACADEMY","en","","EducationalOrganization LocalBusiness ImageObject PostalAddress City WebSite WebPage","Named course or academy information","/ /sat-preparation-sharjah /language-trainings /spoken-english /spoken-arabic /french /spanish /german /ielts-course /toefl-course /pte-course /academic-excellence /maths-tuition-sharjah /science-tuition-sharjah /physics-tuition-sharjah /chemistry-tuition-sharjah /biology-tuition-sharjah /english-tuition-sharjah /courses /professional-certifications /ai-course /cybersecurity-course-sharjah /finance-courses /corporate-trainings /soft-skills-training /sales-negotiations /test-preparations /sat/diagnostic /article/digital-sat-preparation-guide-sharjah-dubai-uae /about /contact /articles /privacy-policy /terms-and-conditions","188","yes",""
"/professional-certifications","generated public","Other course / campaign","200 local prerender","generated HTML; deployed HTTP unverified","200","https://www.nitaqacademy.com/professional-certifications","not checked","index, follow","https://www.nitaqacademy.com/professional-certifications","Professional Certification Courses Sharjah | ACCA, CMA, CPA, Tax | NITAQ ACADEMY","Gain globally recognized professional certifications in Sharjah. Expert tuition for ACCA, CMA, CPA, UAE VAT, and Corporate Tax courses.","Professional Certifications","en","","EducationalOrganization LocalBusiness ImageObject PostalAddress City WebSite WebPage","Named course or academy information","/ /sat-preparation-sharjah /language-trainings /spoken-english /spoken-arabic /french /spanish /german /ielts-course /toefl-course /pte-course /academic-excellence /maths-tuition-sharjah /science-tuition-sharjah /physics-tuition-sharjah /chemistry-tuition-sharjah /biology-tuition-sharjah /english-tuition-sharjah /courses /professional-certifications /ai-course /cybersecurity-course-sharjah /finance-courses /corporate-trainings /soft-skills-training /sales-negotiations /test-preparations /sat/diagnostic /article/digital-sat-preparation-guide-sharjah-dubai-uae /about /contact /articles /privacy-policy /terms-and-conditions /acca-course /cma-course /cpa-course /power-bi-excel /chrm /hrm-courses /courses/professional-digital-marketing-course-sharjah-uae /uae-vat /uae-corporate-tax /professional-marketing-course /cpcd-courses /data-management /enquiry","186","yes",""
"/professional-marketing-course","generated public","Other course / campaign","200 local prerender","generated HTML; deployed HTTP unverified","200","https://www.nitaqacademy.com/professional-marketing-course","not checked","index, follow","https://www.nitaqacademy.com/professional-marketing-course","Professional Marketing Course in Sharjah | Nitaq Academy","Explore Nitaq Academy's professional marketing course in Sharjah, covering branding, strategy and customer psychology for learners and entrepreneurs.","Professional Marketing Course in Sharjah, UAE","en","","EducationalOrganization LocalBusiness ImageObject PostalAddress City WebSite WebPage","Named course or academy information","/ /sat-preparation-sharjah /language-trainings /spoken-english /spoken-arabic /french /spanish /german /ielts-course /toefl-course /pte-course /academic-excellence /maths-tuition-sharjah /science-tuition-sharjah /physics-tuition-sharjah /chemistry-tuition-sharjah /biology-tuition-sharjah /english-tuition-sharjah /courses /professional-certifications /ai-course /cybersecurity-course-sharjah /finance-courses /corporate-trainings /soft-skills-training /sales-negotiations /test-preparations /sat/diagnostic /article/digital-sat-preparation-guide-sharjah-dubai-uae /about /contact /articles /privacy-policy /terms-and-conditions","12","yes",""
"/pte-course","generated public","Language / exam course","200 local prerender","generated HTML; deployed HTTP unverified","200","https://www.nitaqacademy.com/pte-course","not checked","index, follow","https://www.nitaqacademy.com/pte-course","PTE Academic Preparation Course Sharjah | PTE Coaching UAE | NITAQ ACADEMY","Score high on PTE Academic with NITAQ ACADEMY coaching in Sharjah. Comprehensive Speaking, Writing, Reading & Listening preparation. Online & offline batches. SPEA Authorized.","PTE - Pearson Test of English","en","","EducationalOrganization LocalBusiness ImageObject PostalAddress City WebSite WebPage","Language learning or named exam preparation","/ /sat-preparation-sharjah /language-trainings /spoken-english /spoken-arabic /french /spanish /german /ielts-course /toefl-course /pte-course /academic-excellence /maths-tuition-sharjah /science-tuition-sharjah /physics-tuition-sharjah /chemistry-tuition-sharjah /biology-tuition-sharjah /english-tuition-sharjah /courses /professional-certifications /ai-course /cybersecurity-course-sharjah /finance-courses /corporate-trainings /soft-skills-training /sales-negotiations /test-preparations /sat/diagnostic /article/digital-sat-preparation-guide-sharjah-dubai-uae /about /contact /articles /privacy-policy /terms-and-conditions","186","yes",""
"/sales-negotiations","generated public","Other course / campaign","200 local prerender","generated HTML; deployed HTTP unverified","200","https://www.nitaqacademy.com/sales-negotiations","not checked","index, follow","https://www.nitaqacademy.com/sales-negotiations","Sales & Negotiations Training Sharjah | Business Skills UAE | NITAQ ACADEMY","Sales and negotiations training at NITAQ ACADEMY Sharjah. Master persuasion, deal-closing, and negotiation strategies for business success. Online & offline batches UAE.","Sales & Negotiations","en","","EducationalOrganization LocalBusiness ImageObject PostalAddress City WebSite WebPage","Named course or academy information","/ /sat-preparation-sharjah /language-trainings /spoken-english /spoken-arabic /french /spanish /german /ielts-course /toefl-course /pte-course /academic-excellence /maths-tuition-sharjah /science-tuition-sharjah /physics-tuition-sharjah /chemistry-tuition-sharjah /biology-tuition-sharjah /english-tuition-sharjah /courses /professional-certifications /ai-course /cybersecurity-course-sharjah /finance-courses /corporate-trainings /soft-skills-training /sales-negotiations /test-preparations /sat/diagnostic /article/digital-sat-preparation-guide-sharjah-dubai-uae /about /contact /articles /privacy-policy /terms-and-conditions","186","yes",""
"/sat-diagnostic","redirect alias","Redirect alias","not prerendered","configured permanent redirect to /sat/diagnostic","not checked","","not checked","redirect; not indexable","https://www.nitaqacademy.com/sat/diagnostic","","","","","","","Route handling","","0","no",""
"/sat-preparation","redirect alias","Redirect alias","not prerendered","configured permanent redirect to /sat-preparation-sharjah","not checked","","not checked","redirect; not indexable","https://www.nitaqacademy.com/sat-preparation-sharjah","","","","","","","Route handling","","0","no",""
"/sat-preparation-dubai","generated public","SAT programme","200 local prerender","generated HTML; deployed HTTP unverified","200","https://www.nitaqacademy.com/sat-preparation-dubai","not checked","index, follow","https://www.nitaqacademy.com/sat-preparation-dubai","Online Digital SAT Preparation for Dubai Students | Nitaq Academy","Explore online Digital SAT preparation for Dubai residents, delivered by Nitaq Academy in Sharjah. Review the programme and speak with admissions.","Digital SAT Preparation in Dubai","en","","EducationalOrganization LocalBusiness ImageObject PostalAddress City WebSite WebPage","Digital SAT preparation enquiry","/ /sat-preparation-sharjah /language-trainings /spoken-english /spoken-arabic /french /spanish /german /ielts-course /toefl-course /pte-course /academic-excellence /maths-tuition-sharjah /science-tuition-sharjah /physics-tuition-sharjah /chemistry-tuition-sharjah /biology-tuition-sharjah /english-tuition-sharjah /courses /professional-certifications /ai-course /cybersecurity-course-sharjah /finance-courses /corporate-trainings /soft-skills-training /sales-negotiations /test-preparations /sat/diagnostic /article/digital-sat-preparation-guide-sharjah-dubai-uae /about /contact /articles /privacy-policy /terms-and-conditions","2","yes",""
"/sat-preparation-sharjah","generated public","SAT programme","200 local prerender","generated HTML; deployed HTTP unverified","200","https://www.nitaqacademy.com/sat-preparation-sharjah","not checked","index, follow","https://www.nitaqacademy.com/sat-preparation-sharjah","Digital SAT Preparation in Sharjah | Nitaq Academy","Prepare for Digital SAT Reading & Writing and Mathematics at Nitaq Academy in Al Majaz 3, Sharjah. Explore the programme and free diagnostic.","Digital SAT Preparation in Sharjah","en","","EducationalOrganization LocalBusiness ImageObject PostalAddress City WebSite WebPage Course","Digital SAT preparation enquiry","/ /sat-preparation-sharjah /language-trainings /spoken-english /spoken-arabic /french /spanish /german /ielts-course /toefl-course /pte-course /academic-excellence /maths-tuition-sharjah /science-tuition-sharjah /physics-tuition-sharjah /chemistry-tuition-sharjah /biology-tuition-sharjah /english-tuition-sharjah /courses /professional-certifications /ai-course /cybersecurity-course-sharjah /finance-courses /corporate-trainings /soft-skills-training /sales-negotiations /test-preparations /sat/diagnostic /article/digital-sat-preparation-guide-sharjah-dubai-uae /about /contact /articles /privacy-policy /terms-and-conditions","188","yes",""
"/sat/diagnostic","generated public","Other course / campaign","200 local prerender","generated HTML; deployed HTTP unverified","200","https://www.nitaqacademy.com/sat/diagnostic","not checked","index, follow","https://www.nitaqacademy.com/sat/diagnostic","Free SAT Diagnostic Assessment — NITAQ ACADEMY","Take Nitaq Academy's 24-question free Digital SAT diagnostic test to evaluate your Math and Reading & Writing readiness across all 8 SAT domains.","Free SAT Diagnostic Assessment","en","","EducationalOrganization LocalBusiness ImageObject PostalAddress City WebSite WebPage","Named course or academy information","/ /sat-preparation-sharjah /language-trainings /spoken-english /spoken-arabic /french /spanish /german /ielts-course /toefl-course /pte-course /academic-excellence /maths-tuition-sharjah /science-tuition-sharjah /physics-tuition-sharjah /chemistry-tuition-sharjah /biology-tuition-sharjah /english-tuition-sharjah /courses /professional-certifications /ai-course /cybersecurity-course-sharjah /finance-courses /corporate-trainings /soft-skills-training /sales-negotiations /test-preparations /sat/diagnostic /article/digital-sat-preparation-guide-sharjah-dubai-uae /about /contact /articles /privacy-policy /terms-and-conditions","193","yes",""
"/sat/diagnostic/math-report","generated utility","Private / utility","200 local prerender","generated HTML; deployed HTTP unverified","404","https://www.nitaqacademy.com/sat/diagnostic/math-report","not checked","noindex, follow","https://www.nitaqacademy.com/sat/diagnostic/math-report","Nitaq Academy | Education and Training in Sharjah","Explore education and training programmes at Nitaq Academy in Al Majaz 3, Sharjah.","","en","","","Task completion; not organic acquisition","","0","no",""
"/sat/diagnostic/quiz","generated utility","Private / utility","200 local prerender","generated HTML; deployed HTTP unverified","404","https://www.nitaqacademy.com/sat/diagnostic/quiz","not checked","noindex, follow","https://www.nitaqacademy.com/sat/diagnostic/quiz","Choose Starting Section — Nitaq SAT Diagnostic","Select whether to begin with Mathematics or Reading & Writing.","Choose Your Starting Section","en","","","Task completion; not organic acquisition","","0","no",""
"/sat/diagnostic/results","generated utility","Private / utility","200 local prerender","generated HTML; deployed HTTP unverified","404","https://www.nitaqacademy.com/sat/diagnostic/results","not checked","noindex, follow","https://www.nitaqacademy.com/sat/diagnostic/results","Nitaq Academy | Education and Training in Sharjah","Explore education and training programmes at Nitaq Academy in Al Majaz 3, Sharjah.","","en","","","Task completion; not organic acquisition","","0","no",""
"/sat/results","generated utility","Private / utility","200 local prerender","generated HTML; deployed HTTP unverified","200","https://www.nitaqacademy.com/sat/results","not checked","noindex, follow","https://www.nitaqacademy.com/sat/results","Nitaq Academy | Education and Training in Sharjah","Explore education and training programmes at Nitaq Academy in Al Majaz 3, Sharjah.","","en","","","Task completion; not organic acquisition","/ /sat-preparation-sharjah /language-trainings /spoken-english /spoken-arabic /french /spanish /german /ielts-course /toefl-course /pte-course /academic-excellence /maths-tuition-sharjah /science-tuition-sharjah /physics-tuition-sharjah /chemistry-tuition-sharjah /biology-tuition-sharjah /english-tuition-sharjah /courses /professional-certifications /ai-course /cybersecurity-course-sharjah /finance-courses /corporate-trainings /soft-skills-training /sales-negotiations /test-preparations /sat/diagnostic /article/digital-sat-preparation-guide-sharjah-dubai-uae /about /contact /articles /privacy-policy /terms-and-conditions","0","no",""
"/science-tuition-sharjah","generated public","Subject tuition","200 local prerender","generated HTML; deployed HTTP unverified","200","https://www.nitaqacademy.com/science-tuition-sharjah","not checked","index, follow","https://www.nitaqacademy.com/science-tuition-sharjah","Science Tuition in Sharjah & Dubai | Physics, Chemistry, Biology Class 1-12 | Nitaq UAE","Explore science tuition in Physics, Chemistry and Biology at Nitaq Academy in Al Majaz 3, Sharjah. Ask about current subjects and levels.","Science Tuition in Sharjah","en","","EducationalOrganization LocalBusiness ImageObject PostalAddress City WebSite WebPage","Subject tuition enquiry","/ /sat-preparation-sharjah /language-trainings /spoken-english /spoken-arabic /french /spanish /german /ielts-course /toefl-course /pte-course /academic-excellence /maths-tuition-sharjah /science-tuition-sharjah /physics-tuition-sharjah /chemistry-tuition-sharjah /biology-tuition-sharjah /english-tuition-sharjah /courses /professional-certifications /ai-course /cybersecurity-course-sharjah /finance-courses /corporate-trainings /soft-skills-training /sales-negotiations /test-preparations /sat/diagnostic /article/digital-sat-preparation-guide-sharjah-dubai-uae /about /contact /articles /privacy-policy /terms-and-conditions /social-science-tuition-sharjah /enquiry","186","yes",""
"/social-science-tuition-sharjah","generated public","Subject tuition","200 local prerender","generated HTML; deployed HTTP unverified","200","https://www.nitaqacademy.com/social-science-tuition-sharjah","not checked","index, follow","https://www.nitaqacademy.com/social-science-tuition-sharjah","Social Science Tuition in Sharjah & Dubai | History, Geography, Civics Class 1-12 | Nitaq UAE","Expert Social Science (SST) tuition in Sharjah, Dubai & UAE for Class 1-12. History, Geography, Civics & Economics coaching for CBSE, IGCSE & IB in Al Majaz 3, Sharjah & Online UAE.","Social Science Tuition in Sharjah","en","","EducationalOrganization LocalBusiness ImageObject PostalAddress City WebSite WebPage","Subject tuition enquiry","/ /sat-preparation-sharjah /language-trainings /spoken-english /spoken-arabic /french /spanish /german /ielts-course /toefl-course /pte-course /academic-excellence /maths-tuition-sharjah /science-tuition-sharjah /physics-tuition-sharjah /chemistry-tuition-sharjah /biology-tuition-sharjah /english-tuition-sharjah /courses /professional-certifications /ai-course /cybersecurity-course-sharjah /finance-courses /corporate-trainings /soft-skills-training /sales-negotiations /test-preparations /sat/diagnostic /article/digital-sat-preparation-guide-sharjah-dubai-uae /about /contact /articles /privacy-policy /terms-and-conditions /enquiry","10","yes",""
"/soft-skills-training","generated public","Other course / campaign","200 local prerender","generated HTML; deployed HTTP unverified","200","https://www.nitaqacademy.com/soft-skills-training","not checked","index, follow","https://www.nitaqacademy.com/soft-skills-training","Soft Skills Training Sharjah | Communication & Leadership UAE | NITAQ ACADEMY","Soft skills training at NITAQ ACADEMY Sharjah. Build communication, leadership, emotional intelligience & teamwork skills for career growth. Online & offline batches UAE.","Soft Skills Training","en","","EducationalOrganization LocalBusiness ImageObject PostalAddress City WebSite WebPage","Named course or academy information","/ /sat-preparation-sharjah /language-trainings /spoken-english /spoken-arabic /french /spanish /german /ielts-course /toefl-course /pte-course /academic-excellence /maths-tuition-sharjah /science-tuition-sharjah /physics-tuition-sharjah /chemistry-tuition-sharjah /biology-tuition-sharjah /english-tuition-sharjah /courses /professional-certifications /ai-course /cybersecurity-course-sharjah /finance-courses /corporate-trainings /soft-skills-training /sales-negotiations /test-preparations /sat/diagnostic /article/digital-sat-preparation-guide-sharjah-dubai-uae /about /contact /articles /privacy-policy /terms-and-conditions","186","yes",""
"/software-engineering-diploma-sharjah","generated public","Other course / campaign","200 local prerender","generated HTML; deployed HTTP unverified","200","https://www.nitaqacademy.com/software-engineering-diploma-sharjah","not checked","index, follow","https://www.nitaqacademy.com/software-engineering-diploma-sharjah","Software Engineering Diploma in Sharjah | Software Development Course UAE | Nitaq Academy","Join Nitaq Academy's Software Engineering Diploma in Sharjah. Learn programming, software development, databases, algorithms, OOP, software architecture, debugging, testing, Git, and modern software engineering practices. SPEA Certified training in UAE.","Software Engineering Diploma in Sharjah","en","","EducationalOrganization LocalBusiness ImageObject PostalAddress City WebSite WebPage","Named course or academy information","/ /sat-preparation-sharjah /language-trainings /spoken-english /spoken-arabic /french /spanish /german /ielts-course /toefl-course /pte-course /academic-excellence /maths-tuition-sharjah /science-tuition-sharjah /physics-tuition-sharjah /chemistry-tuition-sharjah /biology-tuition-sharjah /english-tuition-sharjah /courses /professional-certifications /ai-course /cybersecurity-course-sharjah /finance-courses /corporate-trainings /soft-skills-training /sales-negotiations /test-preparations /sat/diagnostic /article/digital-sat-preparation-guide-sharjah-dubai-uae /about /contact /articles /privacy-policy /terms-and-conditions","0","yes","no incoming local link"
"/spanish","generated public","Language / exam course","200 local prerender","generated HTML; deployed HTTP unverified","200","https://www.nitaqacademy.com/spanish","not checked","index, follow","https://www.nitaqacademy.com/spanish","Spanish Language Course Sharjah | DELE Preparation UAE | NITAQ ACADEMY","Learn Spanish (A1–C2) at NITAQ ACADEMY Sharjah. DELE exam prep, immersive teaching, flexible online & offline batches. CEFR-aligned curriculum. SPEA Authorized.","Spanish Language Course","en","","EducationalOrganization LocalBusiness ImageObject PostalAddress City WebSite WebPage","Language learning or named exam preparation","/ /sat-preparation-sharjah /language-trainings /spoken-english /spoken-arabic /french /spanish /german /ielts-course /toefl-course /pte-course /academic-excellence /maths-tuition-sharjah /science-tuition-sharjah /physics-tuition-sharjah /chemistry-tuition-sharjah /biology-tuition-sharjah /english-tuition-sharjah /courses /professional-certifications /ai-course /cybersecurity-course-sharjah /finance-courses /corporate-trainings /soft-skills-training /sales-negotiations /test-preparations /sat/diagnostic /article/digital-sat-preparation-guide-sharjah-dubai-uae /about /contact /articles /privacy-policy /terms-and-conditions","186","yes",""
"/spoken-arabic","generated public","Language / exam course","200 local prerender","generated HTML; deployed HTTP unverified","200","https://www.nitaqacademy.com/spoken-arabic","not checked","index, follow","https://www.nitaqacademy.com/spoken-arabic","Spoken Arabic Course Sharjah | Arabic Language Training UAE | NITAQ ACADEMY","Learn Spoken Arabic at NITAQ ACADEMY Sharjah. Conversational Arabic for UAE daily life, business & culture. Flexible online & offline batches. SPEA Authorized.","Spoken Arabic Course","en","","EducationalOrganization LocalBusiness ImageObject PostalAddress City WebSite WebPage","Language learning or named exam preparation","/ /sat-preparation-sharjah /language-trainings /spoken-english /spoken-arabic /french /spanish /german /ielts-course /toefl-course /pte-course /academic-excellence /maths-tuition-sharjah /science-tuition-sharjah /physics-tuition-sharjah /chemistry-tuition-sharjah /biology-tuition-sharjah /english-tuition-sharjah /courses /professional-certifications /ai-course /cybersecurity-course-sharjah /finance-courses /corporate-trainings /soft-skills-training /sales-negotiations /test-preparations /sat/diagnostic /article/digital-sat-preparation-guide-sharjah-dubai-uae /about /contact /articles /privacy-policy /terms-and-conditions","186","yes",""
"/spoken-english","generated public","Language / exam course","200 local prerender","generated HTML; deployed HTTP unverified","200","https://www.nitaqacademy.com/spoken-english","not checked","index, follow","https://www.nitaqacademy.com/spoken-english","Spoken English Course Sharjah | English Communication Training UAE | Nitaq","Improve your Spoken English at NITAQ ACADEMY Sharjah. Build fluency, confidence & professional communication skills. Flexible online & offline English batches UAE.","Spoken English Course","en","","EducationalOrganization LocalBusiness ImageObject PostalAddress City WebSite WebPage","Language learning or named exam preparation","/ /sat-preparation-sharjah /language-trainings /spoken-english /spoken-arabic /french /spanish /german /ielts-course /toefl-course /pte-course /academic-excellence /maths-tuition-sharjah /science-tuition-sharjah /physics-tuition-sharjah /chemistry-tuition-sharjah /biology-tuition-sharjah /english-tuition-sharjah /courses /professional-certifications /ai-course /cybersecurity-course-sharjah /finance-courses /corporate-trainings /soft-skills-training /sales-negotiations /test-preparations /sat/diagnostic /article/digital-sat-preparation-guide-sharjah-dubai-uae /about /contact /articles /privacy-policy /terms-and-conditions","186","yes",""
"/terms-and-conditions","generated public","Other course / campaign","200 local prerender","generated HTML; deployed HTTP unverified","200","https://www.nitaqacademy.com/terms-and-conditions","not checked","index, follow","https://www.nitaqacademy.com/terms-and-conditions","Terms & Conditions | NITAQ ACADEMY Sharjah","Read the terms and conditions for course enrollment and services at NITAQ ACADEMY, operated by Nitaq Supportive Education Services LLC.","Terms & Conditions","en","","EducationalOrganization LocalBusiness ImageObject PostalAddress City WebSite WebPage","Named course or academy information","/ /sat-preparation-sharjah /language-trainings /spoken-english /spoken-arabic /french /spanish /german /ielts-course /toefl-course /pte-course /academic-excellence /maths-tuition-sharjah /science-tuition-sharjah /physics-tuition-sharjah /chemistry-tuition-sharjah /biology-tuition-sharjah /english-tuition-sharjah /courses /professional-certifications /ai-course /cybersecurity-course-sharjah /finance-courses /corporate-trainings /soft-skills-training /sales-negotiations /test-preparations /sat/diagnostic /article/digital-sat-preparation-guide-sharjah-dubai-uae /about /contact /articles /privacy-policy /terms-and-conditions","188","yes",""
"/test-preparations","generated public","Information / directory","200 local prerender","generated HTML; deployed HTTP unverified","200","https://www.nitaqacademy.com/test-preparations","not checked","index, follow","https://www.nitaqacademy.com/test-preparations","Test Preparation Courses Sharjah | IELTS, TOEFL, SAT, GRE | NITAQ ACADEMY","Expert coaching for IELTS, TOEFL, SAT, GMAT, and GRE in Sharjah. Boost your scores and secure admissions with NITAQ ACADEMY's proven programs.","Ace Your Exams","en","","EducationalOrganization LocalBusiness ImageObject PostalAddress City WebSite WebPage","Named course or academy information","/ /sat-preparation-sharjah /language-trainings /spoken-english /spoken-arabic /french /spanish /german /ielts-course /toefl-course /pte-course /academic-excellence /maths-tuition-sharjah /science-tuition-sharjah /physics-tuition-sharjah /chemistry-tuition-sharjah /biology-tuition-sharjah /english-tuition-sharjah /courses /professional-certifications /ai-course /cybersecurity-course-sharjah /finance-courses /corporate-trainings /soft-skills-training /sales-negotiations /test-preparations /sat/diagnostic /article/digital-sat-preparation-guide-sharjah-dubai-uae /about /contact /articles /privacy-policy /terms-and-conditions /foundation-jee-neet /gmat-preparation /gre-preparation /ai-robotics-kids /enquiry","186","yes",""
"/toefl-course","generated public","Language / exam course","200 local prerender","generated HTML; deployed HTTP unverified","200","https://www.nitaqacademy.com/toefl-course","not checked","index, follow","https://www.nitaqacademy.com/toefl-course","TOEFL Preparation Course Sharjah | TOEFL iBT Coaching UAE | NITAQ ACADEMY","Ace the TOEFL iBT with NITAQ ACADEMY expert coaching in Sharjah. Reading, Listening, Speaking & Writing preparation with mock tests. SPEA Authorized. Online & offline UAE.","TOEFL - Test of English as a Foreign Language","en","","EducationalOrganization LocalBusiness ImageObject PostalAddress City WebSite WebPage","Language learning or named exam preparation","/ /sat-preparation-sharjah /language-trainings /spoken-english /spoken-arabic /french /spanish /german /ielts-course /toefl-course /pte-course /academic-excellence /maths-tuition-sharjah /science-tuition-sharjah /physics-tuition-sharjah /chemistry-tuition-sharjah /biology-tuition-sharjah /english-tuition-sharjah /courses /professional-certifications /ai-course /cybersecurity-course-sharjah /finance-courses /corporate-trainings /soft-skills-training /sales-negotiations /test-preparations /sat/diagnostic /article/digital-sat-preparation-guide-sharjah-dubai-uae /about /contact /articles /privacy-policy /terms-and-conditions","186","yes",""
"/uae-corporate-tax","generated public","Other course / campaign","200 local prerender","generated HTML; deployed HTTP unverified","200","https://www.nitaqacademy.com/uae-corporate-tax","not checked","index, follow","https://www.nitaqacademy.com/uae-corporate-tax","UAE Corporate Tax Course Sharjah | CT Training UAE | NITAQ ACADEMY","UAE Corporate Tax training at NITAQ ACADEMY Sharjah. Understand CT compliance, registration & filing for businesses. Practical training for finance professionals. SPEA Authorized.","UAE Corporate Tax Course","en","","EducationalOrganization LocalBusiness ImageObject PostalAddress City WebSite WebPage","Named course or academy information","/ /sat-preparation-sharjah /language-trainings /spoken-english /spoken-arabic /french /spanish /german /ielts-course /toefl-course /pte-course /academic-excellence /maths-tuition-sharjah /science-tuition-sharjah /physics-tuition-sharjah /chemistry-tuition-sharjah /biology-tuition-sharjah /english-tuition-sharjah /courses /professional-certifications /ai-course /cybersecurity-course-sharjah /finance-courses /corporate-trainings /soft-skills-training /sales-negotiations /test-preparations /sat/diagnostic /article/digital-sat-preparation-guide-sharjah-dubai-uae /about /contact /articles /privacy-policy /terms-and-conditions","10","yes",""
"/uae-vat","generated public","Other course / campaign","200 local prerender","generated HTML; deployed HTTP unverified","200","https://www.nitaqacademy.com/uae-vat","not checked","index, follow","https://www.nitaqacademy.com/uae-vat","UAE VAT Course Sharjah | VAT Training & Certification UAE | NITAQ ACADEMY","UAE VAT training at NITAQ ACADEMY Sharjah. Practical VAT compliance, registration, and filing training for businesses & professionals. Online & offline batches. SPEA Authorized.","UAE VAT Course","en","","EducationalOrganization LocalBusiness ImageObject PostalAddress City WebSite WebPage","Named course or academy information","/ /sat-preparation-sharjah /language-trainings /spoken-english /spoken-arabic /french /spanish /german /ielts-course /toefl-course /pte-course /academic-excellence /maths-tuition-sharjah /science-tuition-sharjah /physics-tuition-sharjah /chemistry-tuition-sharjah /biology-tuition-sharjah /english-tuition-sharjah /courses /professional-certifications /ai-course /cybersecurity-course-sharjah /finance-courses /corporate-trainings /soft-skills-training /sales-negotiations /test-preparations /sat/diagnostic /article/digital-sat-preparation-guide-sharjah-dubai-uae /about /contact /articles /privacy-policy /terms-and-conditions","2","yes",""
"/verify","generated utility","Private / utility","200 local prerender","generated HTML; deployed HTTP unverified","200","https://www.nitaqacademy.com/verify","not checked","noindex, follow","https://www.nitaqacademy.com/verify","Nitaq Academy | Education and Training in Sharjah","Explore education and training programmes at Nitaq Academy in Al Majaz 3, Sharjah.","Verify Certificate Authenticity","en","","","Task completion; not organic acquisition","/ /sat-preparation-sharjah /language-trainings /spoken-english /spoken-arabic /french /spanish /german /ielts-course /toefl-course /pte-course /academic-excellence /maths-tuition-sharjah /science-tuition-sharjah /physics-tuition-sharjah /chemistry-tuition-sharjah /biology-tuition-sharjah /english-tuition-sharjah /courses /professional-certifications /ai-course /cybersecurity-course-sharjah /finance-courses /corporate-trainings /soft-skills-training /sales-negotiations /test-preparations /sat/diagnostic /article/digital-sat-preparation-guide-sharjah-dubai-uae /about /contact /articles /privacy-policy /terms-and-conditions","0","no",""
"/verify-certificate","generated utility","Private / utility","200 local prerender","generated HTML; deployed HTTP unverified","200","https://www.nitaqacademy.com/verify-certificate","not checked","noindex, follow","https://www.nitaqacademy.com/verify-certificate","Nitaq Academy | Education and Training in Sharjah","Explore education and training programmes at Nitaq Academy in Al Majaz 3, Sharjah.","Verify Certificate Authenticity","en","","","Task completion; not organic acquisition","/ /sat-preparation-sharjah /language-trainings /spoken-english /spoken-arabic /french /spanish /german /ielts-course /toefl-course /pte-course /academic-excellence /maths-tuition-sharjah /science-tuition-sharjah /physics-tuition-sharjah /chemistry-tuition-sharjah /biology-tuition-sharjah /english-tuition-sharjah /courses /professional-certifications /ai-course /cybersecurity-course-sharjah /finance-courses /corporate-trainings /soft-skills-training /sales-negotiations /test-preparations /sat/diagnostic /article/digital-sat-preparation-guide-sharjah-dubai-uae /about /contact /articles /privacy-policy /terms-and-conditions","0","no",""
"/verify-certificate/:certId*","dynamic route pattern","Dynamic route","not prerendered","configured rewrite to /verify-certificate","not checked","","not checked","utility; verify access control","","","","","","","","Route handling","","0","no",""
"/verify/:certId*","dynamic route pattern","Dynamic route","not prerendered","configured rewrite to /verify-certificate","not checked","","not checked","utility; verify access control","","","","","","","","Route handling","","0","no",""
"/webinar","redirect alias","Redirect alias","not prerendered","configured temporary redirect to /webinar/ai","not checked","","not checked","redirect; not indexable","https://www.nitaqacademy.com/webinar/ai","","","","","","","Route handling","","0","no",""
"/webinar/ai","generated public","Other course / campaign","200 local prerender","generated HTML; deployed HTTP unverified","200","https://www.nitaqacademy.com/webinar/ai","not checked","index, follow","https://www.nitaqacademy.com/webinar/ai","Free AI Webinar — Improve Business Efficiency | NITAQ ACADEMY","Join NITAQ ACADEMY's free live webinar Sunday and learn how to use AI to automate workflows, reduce costs, and boost productivity.","How to Use AI to Improve Business Efficiency & Reduce Costs","en","","","Named course or academy information","/ /sat-preparation-sharjah /language-trainings /spoken-english /spoken-arabic /french /spanish /german /ielts-course /toefl-course /pte-course /academic-excellence /maths-tuition-sharjah /science-tuition-sharjah /physics-tuition-sharjah /chemistry-tuition-sharjah /biology-tuition-sharjah /english-tuition-sharjah /courses /professional-certifications /ai-course /cybersecurity-course-sharjah /finance-courses /corporate-trainings /soft-skills-training /sales-negotiations /test-preparations /sat/diagnostic /article/digital-sat-preparation-guide-sharjah-dubai-uae /about /contact /articles /privacy-policy /terms-and-conditions","0","yes","no incoming local link; campaign date and current availability need review"
"/webinar/ai/thank-you","generated utility","Private / utility","200 local prerender","generated HTML; deployed HTTP unverified","200","https://www.nitaqacademy.com/webinar/ai/thank-you","not checked","noindex, follow","https://www.nitaqacademy.com/webinar/ai/thank-you","You're Registered | AI Business Webinar | NITAQ ACADEMY","Your seat for the NITAQ ACADEMY AI webinar is confirmed. Check your email for joining details.","You're in, there !","en","","","Task completion; not organic acquisition","/ /sat-preparation-sharjah /language-trainings /spoken-english /spoken-arabic /french /spanish /german /ielts-course /toefl-course /pte-course /academic-excellence /maths-tuition-sharjah /science-tuition-sharjah /physics-tuition-sharjah /chemistry-tuition-sharjah /biology-tuition-sharjah /english-tuition-sharjah /courses /professional-certifications /ai-course /cybersecurity-course-sharjah /finance-courses /corporate-trainings /soft-skills-training /sales-negotiations /test-preparations /sat/diagnostic /article/digital-sat-preparation-guide-sharjah-dubai-uae /about /contact /articles /privacy-policy /terms-and-conditions","0","no","campaign date and current availability need review"
"/webinar/counselors","generated public","Other course / campaign","200 local prerender","generated HTML; deployed HTTP unverified","200","https://www.nitaqacademy.com/webinar/counselors","not checked","index, follow","https://www.nitaqacademy.com/webinar/counselors","Counselors Orientation | Growth Opportunities | NITAQ ACADEMY","Exclusive orientation for school counselors to explore growth opportunities and student impact. Join NITAQ ACADEMY on April 15.","Exclusive Orientation For School Counselors","en","","","Named course or academy information","/ /sat-preparation-sharjah /language-trainings /spoken-english /spoken-arabic /french /spanish /german /ielts-course /toefl-course /pte-course /academic-excellence /maths-tuition-sharjah /science-tuition-sharjah /physics-tuition-sharjah /chemistry-tuition-sharjah /biology-tuition-sharjah /english-tuition-sharjah /courses /professional-certifications /ai-course /cybersecurity-course-sharjah /finance-courses /corporate-trainings /soft-skills-training /sales-negotiations /test-preparations /sat/diagnostic /article/digital-sat-preparation-guide-sharjah-dubai-uae /about /contact /articles /privacy-policy /terms-and-conditions","0","yes","no incoming local link; campaign date and current availability need review"
"/webinar/counselors/thank-you","generated utility","Private / utility","200 local prerender","generated HTML; deployed HTTP unverified","200","https://www.nitaqacademy.com/webinar/counselors/thank-you","not checked","noindex, follow","https://www.nitaqacademy.com/webinar/counselors/thank-you","Reservation Confirmed | Counselors Orientation | NITAQ ACADEMY","Your registration for the NITAQ ACADEMY counselors orientation is confirmed. Check your email for details.","Thank you, there !","en","","","Task completion; not organic acquisition","/ /sat-preparation-sharjah /language-trainings /spoken-english /spoken-arabic /french /spanish /german /ielts-course /toefl-course /pte-course /academic-excellence /maths-tuition-sharjah /science-tuition-sharjah /physics-tuition-sharjah /chemistry-tuition-sharjah /biology-tuition-sharjah /english-tuition-sharjah /courses /professional-certifications /ai-course /cybersecurity-course-sharjah /finance-courses /corporate-trainings /soft-skills-training /sales-negotiations /test-preparations /sat/diagnostic /article/digital-sat-preparation-guide-sharjah-dubai-uae /about /contact /articles /privacy-policy /terms-and-conditions","0","no","campaign date and current availability need review"
